pathway,k,n_edges,mean_abs_d,topdec_mean_abs_d,concentration,max_abs_d,null_median_mean_abs_d,pct_mean,null_median_topdec,pct_topdec,null_median_conc,pct_conc,null_median_max,pct_max
p53 signaling pathway,50,2450,0.00013069934914912277,0.00036895826306873185,0.2822954096334215,0.0005063228309154,6.745821986422218e-05,93.0,0.00017499089887246713,100.0,0.26346181210974357,82.0,0.0002725254744291,100.0
ErbB signaling pathway,11,110,0.0003631599247455189,0.0011163679036226546,0.30740393626993384,0.0013900324702262,0.00012136862020598377,97.0,0.0002837595106525273,100.0,0.24006711867660607,93.0,0.00032875221222634996,100.0
Wnt signaling pathway,66,4290,0.00010922100733624742,0.00027766932965640046,0.2542270360147555,0.000411195680499,6.260354981467987e-05,100.0,0.00016273435483093286,100.0,0.25818872507052115,41.5,0.0002707596868276,100.0
Small cell lung cancer,23,506,0.00035480046166257455,0.0008566909122700354,0.2433658536970173,0.0010142028331756,0.00010735430228319366,98.0,0.0002631686408729569,100.0,0.24816172407533368,47.0,0.00036535225808615,98.0
Mitophagy,34,1122,0.0001544980448462899,0.00045825610250492657,0.2987245088796187,0.0007420387119054,7.490409494985402e-05,88.5,0.0001884842357408168,100.0,0.2531477850673807,91.5,0.0002907924354076,100.0
Base excision repair,16,240,0.00041137429264680506,0.0011176570939520584,0.2716886091157983,0.0014977306127548,0.00011671878940733993,100.0,0.0002928274916484396,100.0,0.24406054143475436,76.5,0.0003687664866447,100.0
Breast cancer,4,12,0.0012448107202847252,0.00245889276266095,0.329219096337598,0.0025004148483276,0.00013073316464817672,98.0,0.000279103871434875,100.0,0.329219096337598,51.5,0.00029180385172365,100.0
Mismatch repair,3,6,0.00222527484099065,0.0039429664611816,0.29531681424620987,0.0039429664611816,0.0001541057912011706,100.0,0.00027318764477964996,100.0,0.3002764530795178,47.5,0.00027318764477964996,100.0
Cell cycle,124,15252,8.169491964625414e-05,0.0002013249640129144,0.24656436915773924,0.0003891214728355,2.9396562187483165e-05,100.0,7.482502837744597e-05,100.0,0.24656436915773924,57.49999999999999,0.000120170880109,100.0
MAPK signaling pathway,212,44732,2.8288241430516022e-05,7.14720279905915e-05,0.25270149941971515,0.000120170880109,2.8288241430516022e-05,100.0,7.14720279905915e-05,100.0,0.25270149941971515,100.0,0.000120170880109,100.0
Hedgehog signaling pathway,38,1406,0.00018590112027323173,0.000442418487782122,0.23866297615702056,0.0005533713847398,7.015829614414088e-05,100.0,0.0001739735008342408,100.0,0.25987192370922074,24.5,0.00027278298512095,100.0
HIF-1 signaling pathway,35,1190,0.00018163343281051407,0.00045230250586476893,0.24901941171624808,0.000616455450654,7.425286306239151e-05,96.5,0.0001886530638429315,100.0,0.2516964575860179,45.5,0.00028392579406495,100.0
Glycolysis / Gluconeogenesis,30,870,0.00021049147364733944,0.0006517233091523815,0.30961981398082117,0.0009053573012351,7.462626183939347e-05,100.0,0.00018719038872535806,100.0,0.25101328824413305,93.5,0.0002571386285126,98.0
Colorectal cancer,6,30,0.0012682850162187675,0.002158815662066067,0.1702153407522155,0.0023960173130035,0.00012104565588133762,98.5,0.00027780483166369997,100.0,0.22806189284172784,7.5,0.0002908110618591,98.5
Gastric cancer,7,42,0.0007055235050972987,0.001832702755928,0.3092439839905108,0.0026987791061401,0.0001337613599995462,100.0,0.00028550904244180005,100.0,0.26933638407504473,77.0,0.0003265151754021,100.0
Ferroptosis,33,1056,0.00018391197998863772,0.0006028560324097039,0.32903760702505597,0.000946594402194,8.203650456075522e-05,91.0,0.00021060087436910752,100.0,0.2595902272715027,98.0,0.00031360192224375,100.0
AMPK signaling pathway,74,5402,7.714426264948744e-05,0.00021054236951680426,0.2733244980448958,0.0003228671848773,6.009623474174617e-05,89.5,0.0001574296361375477,99.5,0.2612083351100847,71.5,0.0002725254744291,89.5
Central carbon metabolism in cancer,19,342,0.00027012000437713,0.0007327566189424914,0.27761628627910656,0.0010022781789302,0.00011141805321367742,92.0,0.00027401356824801714,98.5,0.2508500120265198,77.0,0.00034380936995139996,99.0
Non-small cell lung cancer,5,20,0.0009642407298087634,0.00213287770748135,0.2211976368084307,0.0022498071193695,0.00013319333083925276,96.5,0.00030155899003142495,98.0,0.2190582907016091,51.5,0.00031115673482415003,97.5
Regulation of actin cytoskeleton,63,3906,9.988868204685038e-05,0.00028066841356660845,0.28126893924317425,0.0004551708698272,6.312155641644904e-05,94.0,0.0001641831198787688,98.0,0.26239941592967464,79.5,0.0002776347100734,100.0
DNA replication,29,812,0.0001959803702281892,0.0006541222697350537,0.3370576468181741,0.0010650679469108,9.18984075943785e-05,93.5,0.00022785896548951283,98.0,0.2627836928444591,97.5,0.0003155576996505,100.0
TNF signaling pathway,22,462,0.0002953530696433978,0.0006919890800688616,0.23834916488654995,0.0008168965578079,9.82113480890265e-05,98.0,0.0002627585162507213,97.0,0.2509627903119107,34.0,0.00033949734643095,93.5
TGF-beta signaling pathway,41,1640,0.0001513611741091125,0.0003481162144097799,0.2299904294867795,0.0005122702568769,6.54283073367223e-05,99.5,0.00016584965434465672,96.5,0.2593749262515995,14.499999999999998,0.0002498035319149,100.0
ECM-receptor interaction,50,2450,0.00015128487378963725,0.00033015789730203305,0.21823589433079746,0.0004549715667963,6.792423676470132e-05,100.0,0.0001657974944278414,96.0,0.25498269440478094,7.000000000000001,0.0002604117617011,92.5
T cell receptor signaling pathway,10,90,0.0003766253590583333,0.0009026684694819556,0.23967278032973519,0.0010209754109382,0.00012622163113617713,96.0,0.0002838058604133889,95.5,0.23932431573911905,52.5,0.0003373501822352,95.0
PD-L1 expression and PD-1 checkpoint pathway in cancer,17,272,0.00024973325814828576,0.0007203608485204287,0.2969359939476413,0.0009509623050689,0.00011440912973790561,93.0,0.0002676316071301161,95.0,0.2548461086571042,81.0,0.00034357607364645,94.5
mTOR signaling pathway,88,7656,6.982582281152603e-05,0.00018634744883356765,0.26701412391576307,0.0003087827935814,5.513067744562543e-05,84.5,0.00015261712637250753,95.0,0.2668652104604754,50.0,0.0002451501786708,73.5
VEGF signaling pathway,5,20,0.0012010686099528799,0.0020273402333259,0.16879470635781885,0.0020384937524795,0.00014163772575554796,98.5,0.00029234006069595,95.0,0.21997763051445943,11.0,0.00030582305043935,95.0
Viral carcinogenesis,90,8010,5.975002864753879e-05,0.0001844120096791498,0.30863919876421025,0.000333740375936,5.975002864753879e-05,58.5,0.00015406322941067418,94.0,0.2575283025691761,91.5,0.0002451501786708,89.0
Chemokine signaling pathway,16,240,0.00028781609920160156,0.0008186131405333209,0.28442229006790937,0.0009929463267326,0.00012990152075263134,91.0,0.00031268022333577703,94.0,0.2495030380424912,80.0,0.00041408184915775004,91.5
Homologous recombination,25,600,0.00027649023880557444,0.0006081201136111685,0.21994270620120998,0.0007889382541179,0.00010354174378636292,100.0,0.0002529716895271825,93.0,0.24596871866677966,16.5,0.0003569237887859,93.5
NF-kappa B signaling pathway,46,2070,0.00012199906407344446,0.0003323301151034386,0.2724038234452135,0.000482777133584,7.029341484288308e-05,91.5,0.00017399408580091478,93.0,0.2589571208208914,69.0,0.00026508700102565,96.5
Proteoglycans in cancer,56,3080,0.00011993796419494727,0.0002745380927505698,0.22890007729690603,0.0003783497959375,6.811413248733627e-05,100.0,0.00017078495705374268,92.5,0.25900750127019917,13.0,0.00027508009225124996,86.5
Apoptosis,97,9312,7.192751753168305e-05,0.00018066562644236813,0.2513931297323024,0.0003068996593356,4.7924198471068956e-05,90.0,0.0001284336784150539,91.5,0.259817540218758,31.0,0.0002451501786708,74.5
FoxO signaling pathway,29,812,0.0002175994455960752,0.0005036299911940463,0.23372847372624178,0.0006657652556896,8.525053816822878e-05,96.5,0.00021256939735167318,91.5,0.25515690264951474,23.0,0.000303654000163,89.5
Notch signaling pathway,43,1806,0.0001281125735025075,0.0003254613041547928,0.2546058827519246,0.000493187457323,6.88626130801367e-05,92.5,0.00017204074940294474,90.5,0.2576991817616736,46.5,0.0002807741984724,98.0
Hepatocellular carcinoma,25,600,0.0002282342376807953,0.0005321177343527,0.23314544730879122,0.0007229074835777,9.144426789132872e-05,93.5,0.00023130374029273334,90.5,0.2450665343847969,36.5,0.00032693240791555,90.5
Focal adhesion,25,600,0.00024355943004286418,0.0005673756822943132,0.23295163820775094,0.0007350593805313,0.00010838931736844298,96.5,0.0002713360823690375,89.5,0.2534026845478774,28.999999999999996,0.0003639962524175,86.5
Cellular senescence,111,12210,6.320722573523487e-05,0.00015805353601988452,0.25005611966256186,0.0002451501786708,4.4662599168854174e-05,85.5,0.00012146339108774797,85.5,0.26370609057905303,27.0,0.0002218568697571,75.5
Hippo signaling pathway,73,5256,8.18103441650865e-05,0.00019004150955957927,0.2324719932939939,0.0003007538616657,5.8920897279050795e-05,96.5,0.00015873361393067717,84.0,0.26541328536289666,10.5,0.00024717347696415,69.0
B cell receptor signaling pathway,23,506,0.00021496027884743209,0.0005012307243019373,0.23501691811458958,0.0006727017462253,0.00011040658134184386,89.5,0.00027342266677052155,84.0,0.24647806228938254,28.499999999999996,0.0003651585429906,87.0
Rap1 signaling pathway,85,7140,7.133365527879313e-05,0.0001782526376888878,0.24988574746691938,0.0003105383366346,5.921955795628992e-05,90.5,0.0001541530779961521,80.0,0.25939059941519416,21.0,0.0002451501786708,82.0
Oxidative phosphorylation,105,10920,4.956025345380084e-05,0.00014703936922621702,0.2966880897073789,0.0003514010459184,4.451031551010274e-05,74.0,0.00012268425918934066,75.5,0.2644768109106326,85.5,0.0002218568697571,88.5
Cell adhesion molecules,94,8742,6.95732470752528e-05,0.00015750359105207222,0.22659245147122786,0.0002388125285506,4.878020608847032e-05,79.0,0.00013081618824170569,73.0,0.2562475731128078,9.5,0.0002415711060166,47.5
Antigen processing and presentation,35,1190,0.00012804105752653442,0.0002845088254753748,0.22220124620293377,0.0003639962524175,7.681426545212462e-05,80.0,0.00019832045434648235,73.0,0.25630066540095053,6.0,0.00029981974512335,64.5
Natural killer cell mediated cytotoxicity,35,1190,9.916380141711123e-05,0.0002632830918085168,0.265503226022037,0.0004184562712907,7.384627110503414e-05,66.0,0.0001908770347592727,66.5,0.2524485998993714,65.0,0.00029562646523115,75.5
JAK-STAT signaling pathway,91,8190,6.036769782939098e-05,0.0001544168421381785,0.25579382300545206,0.0002725254744291,5.1024239919664794e-05,54.0,0.00015151716304781184,63.5,0.25579382300545206,52.0,0.0002451501786708,63.0
Chemical carcinogenesis,120,14280,3.656722867407133e-05,0.00012132031086526319,0.3317733261839654,0.0003157798200845,4.139888170109663e-05,41.0,0.00012132031086526319,63.0,0.2625234273001397,100.0,0.0002218568697571,83.0
Ras signaling pathway,85,7140,6.151870753959475e-05,0.00015819284031866947,0.2571459099930752,0.0002902615815401,5.9451459820898016e-05,64.0,0.00015644594786960126,62.0,0.25934195785664815,41.0,0.0002902615815401,55.00000000000001
Transcriptional misregulation in cancer,123,15006,4.7894890638472755e-05,0.00012500266880189148,0.26106331563095875,0.0002050912007689,4.7894890638472755e-05,60.0,0.00012500266880189148,60.0,0.2495654202129518,95.0,0.0002050912007689,60.0
Autophagy,90,8010,5.572359327612127e-05,0.00015217572864553933,0.27309030107135934,0.0002346253022551,5.572359327612127e-05,54.50000000000001,0.00015217572864553933,52.0,0.2649343180524697,62.5,0.0002451501786708,38.5
Necroptosis,122,14762,4.139841237551595e-05,0.00011901086802888818,0.28763268200971287,0.0002218568697571,4.4291092406122874e-05,50.0,0.00012066698624933007,50.0,0.260200800606116,100.0,0.0002218568697571,75.5
Cytokine-cytokine receptor interaction,112,12432,4.456979699044096e-05,0.00011807485780048792,0.26509171462639597,0.0002201795578002,4.128451499412782e-05,71.0,0.00011991928526199832,43.0,0.26509171462639597,60.0,0.0002201795578002,50.5
