pathway,n_genes,n_edges,mean_hi,mean_lo,d,cohen_d,d_ci_lo,d_ci_hi,mw_p,perm_p,perm_q,n_null_sets,null_median_abs_d,null_p95,null_pct,n_null_block_sets,block_null_median_abs_d,block_null_p95,block_null_pct
Cell cycle,124,15252,0.0080657871440052,0.0080653093755245,4.777684807777405e-07,0.7605382761564135,0.6373612329445633,0.8837153193682636,3.12155377397179e-33,0.0009990009990009,0.0013933434986066,0,,,,200,0.43734526881667396,0.7605382761564135,0.4975124378109453
p53 signaling pathway,50,2450,0.0200074203312397,0.0200058575719594,1.562759280204773e-06,0.4232670418220539,0.302990653155746,0.5435434304883618,1.6174655240012412e-12,0.0009990009990009,0.0013933434986066,200,0.1289094261623016,0.3149913697835801,0.0149253731343283,200,0.12867396323633015,0.42326704182205394,0.06467661691542288
Cellular senescence,111,12210,0.0090106287971138,0.0090101119130849,5.168840289115906e-07,0.722319000360725,0.5995495189171107,0.8450884818043394,1.1913601773524544e-32,0.0009990009990009,0.0013933434986066,0,,,,200,0.16926005984157627,0.722319000360725,0.13930348258706468
Apoptosis,97,9312,0.0103112980723381,0.0103107877075672,5.103647708892822e-07,0.5414488513106468,0.4203370781256046,0.662560624495689,1.247596726193826e-18,0.0009990009990009,0.0013933434986066,200,0.135444447312708,0.3673812348139226,0.0049751243781094,200,0.15545369821864158,0.5414488513106468,0.11940298507462686
Necroptosis,122,14762,0.0081979511305689,0.0081977043300867,2.468004822731018e-07,0.4787644579740163,0.3581205557116175,0.5994083602364151,7.103843344106453e-13,0.0009990009990009,0.0013933434986066,0,,,,200,0.24737691479719648,0.4787644579740163,0.3333333333333333
Ferroptosis,33,1056,0.0303209386765956,0.0303159691393375,4.969537258148193e-06,0.5852946276217394,0.4638226546589746,0.7067666005845044,3.3308836130583878e-21,0.0009990009990009,0.0013933434986066,200,0.1416897522489074,0.3715106663900175,0.0049751243781094,200,0.14873809177165973,0.4013071686161417,0.03482587064676617
Autophagy,90,8010,0.0111134303733706,0.0111127374693751,6.92903995513916e-07,0.6317598305261867,0.5098768498425256,0.7536428112098478,3.7790594710306717e-26,0.0009990009990009,0.0013933434986066,200,0.134472168187104,0.3665626098842495,0.0049751243781094,200,0.19496264420427922,0.5896024942922954,0.05472636815920398
Mitophagy,34,1122,0.0294272247701883,0.0294232442975044,3.980472683906555e-06,0.5027992327722198,0.3819825222227216,0.6236159433217181,1.2769303123280092e-16,0.0009990009990009,0.0013933434986066,200,0.1433481766148538,0.3638249762002757,0.0049751243781094,200,0.1445097388604566,0.5027992327722198,0.07462686567164178
MAPK signaling pathway,212,44732,0.0047173453494906,0.004717300646007,4.4703483581542975e-08,0.2101483677924372,0.0908686579255372,0.3294280776593372,0.000609104817347,0.0019980019980019,0.0026473526473526,0,,,,200,0.2101483677924372,0.2101483677924372,1.0
Ras signaling pathway,85,7140,0.0117671117186546,0.0117667149752378,3.9674341678619385e-07,0.3260766850103488,0.2063369773266162,0.4458163926940813,8.912636555103789e-08,0.0009990009990009,0.0013933434986066,200,0.1236287543582035,0.3830002947932648,0.1044776119402985,200,0.1850355100160483,0.4399090438429048,0.2835820895522388
Rap1 signaling pathway,85,7140,0.0117671024054288,0.0117666078731417,4.945322871208191e-07,0.3982453959149656,0.2781202397323316,0.5183705520975997,1.3138543902564109e-11,0.0009990009990009,0.0013933434986066,200,0.1430536565671805,0.3872624139284541,0.0298507462686567,200,0.168319494945953,0.3987426928993812,0.14427860696517414
ErbB signaling pathway,11,110,0.0910548120737075,0.0910126492381095,4.216283559799194e-05,0.4631763787633437,0.3426401545139292,0.5837126030127582,8.468298294111311e-14,0.0009990009990009,0.0013933434986066,0,,,,200,0.12121361971840705,0.4304162544322851,0.04975124378109453
mTOR signaling pathway,88,7656,0.0113660749047994,0.0113655859604477,4.889443516731262e-07,0.4406257780934697,0.3202391794308041,0.5610123767561354,1.4027379624686824e-11,0.0009990009990009,0.0013933434986066,200,0.1374218390458491,0.3614526270047679,0.0298507462686567,200,0.16295736934918809,0.44062577809346976,0.08955223880597014
AMPK signaling pathway,74,5402,0.0135168218985199,0.0135162696242332,5.522742867469788e-07,0.3317593937193996,0.2119920798022817,0.4515267076365175,1.760704321008162e-10,0.0009990009990009,0.0013933434986066,200,0.1477221643626633,0.3753386767957016,0.1094527363184079,200,0.16757444366469068,0.38659123586571886,0.19900497512437812
FoxO signaling pathway,29,812,0.0345034673810005,0.0344999320805072,3.5353004932403564e-06,0.322270742390369,0.2025492605324166,0.4419922242483214,1.1140433502119453e-07,0.0009990009990009,0.0013933434986066,200,0.1213467199419991,0.3498511832120483,0.0696517412935323,200,0.15952346923204214,0.4053676144019059,0.1691542288557214
Hippo signaling pathway,73,5256,0.0137016968801617,0.0137011520564556,5.448237061500549e-07,0.3193187715687083,0.1996112805877113,0.4390262625497053,2.4416376407518694e-08,0.0009990009990009,0.0013933434986066,200,0.1419211750515841,0.357726214304446,0.1194029850746268,200,0.1468666812204371,0.3420661760863494,0.11442786069651742
Wnt signaling pathway,66,4290,0.015155354514718,0.0151549596339464,3.948807716369629e-07,0.1996988214797066,0.0804508681371724,0.3189467748222409,0.0019067609495468,0.0009990009990009,0.0013933434986066,200,0.1301004042234413,0.3447524097587072,0.2736318407960199,200,0.1442511768856002,0.36523533043078676,0.3383084577114428
Notch signaling pathway,43,1806,0.0232646726071834,0.0232630092650651,1.6633421182632446e-06,0.3438564733107432,0.2240288263797447,0.4636841202417418,2.3995792832832484e-09,0.0009990009990009,0.0013933434986066,200,0.1132446388120218,0.3092896652646024,0.0398009950248756,200,0.1485468573296422,0.34407144783952215,0.12437810945273632
Hedgehog signaling pathway,38,1406,0.0263264831155538,0.026323914527893,2.5685876607894897e-06,0.3918311319505024,0.271743289767736,0.5119189741332689,6.22252096583018e-11,0.0009990009990009,0.0013933434986066,200,0.1220992420382927,0.3648305115433897,0.044776119402985,200,0.16848483624240512,0.42398416081539736,0.11940298507462686
JAK-STAT signaling pathway,91,8190,0.0109909633174538,0.010990722104907,2.4121254682540894e-07,0.2260449433924275,0.106713835696618,0.3453760510882371,0.000416501146727,0.0009990009990009,0.0013933434986066,200,0.1341619042590527,0.3704717786106554,0.2487562189054726,200,0.13271727581596604,0.3875103676638633,0.31840796019900497
TGF-beta signaling pathway,41,1640,0.0243991017341613,0.0243986696004867,4.3213367462158203e-07,0.079970846951442,-0.0390285269039621,0.1989702208068462,0.0946741259724034,0.1708291708291708,0.2011988011988011,200,0.1146738594507728,0.3611827015715478,0.6318407960199005,200,0.12545563894156844,0.39322115457090195,0.6766169154228856
NF-kappa B signaling pathway,46,2070,0.0217467937618494,0.0217451751232147,1.6186386346817017e-06,0.3320338461754326,0.2122651870748368,0.4518025052760284,1.2974783950514634e-07,0.0009990009990009,0.0013933434986066,200,0.1351651729195602,0.3886967334172023,0.0845771144278607,200,0.1763897142131679,0.38981464954981065,0.19900497512437812
TNF signaling pathway,22,462,0.0454858504235744,0.0454828813672065,2.969056367874145e-06,0.1389850821757048,0.0198897205237536,0.2580804438276561,0.0131537967842164,0.0199800199800199,0.0246265362544432,200,0.1004385379945061,0.3380805039073599,0.3880597014925373,200,0.14846957929833093,0.37839278071670773,0.572139303482587
VEGF signaling pathway,5,20,0.2005849480628967,0.2004695832729339,0.0001153647899627,0.2413404703258768,0.1219563948371526,0.3607245458146009,0.0002369048429377,0.0009990009990009,0.0013933434986066,0,,,,200,0.13899409763197296,0.38370844396024983,0.21890547263681592
HIF-1 signaling pathway,35,1190,0.0285878293216228,0.0285831186920404,4.71062958240509e-06,0.65499584114392,0.5328961145392185,0.7770955677486214,5.1832995949907e-25,0.0009990009990009,0.0013933434986066,200,0.1237616069337114,0.3482088830673476,0.0049751243781094,200,0.13113901746083134,0.4172741779699333,0.024875621890547265
PD-L1 expression and PD-1 checkpoint pathway in cancer,17,272,0.0588615648448467,0.0588604882359504,1.0766088962554932e-06,0.0324373901384706,-0.0865222693484035,0.1513970496253447,0.8530894471977539,0.6053946053946054,0.6053946053946054,53,0.1152926903944118,0.3581295928452055,0.8148148148148148,200,0.13170856301576583,0.39540095861677604,0.8905472636815921
Proteoglycans in cancer,56,3080,0.0178619883954525,0.0178617071360349,2.812594175338745e-07,0.1010346304113464,-0.0179930739320163,0.2200623347547091,0.0259494853677798,0.0999000999000999,0.1203342112433021,200,0.1381841957800388,0.3408448411101936,0.6268656716417911,200,0.1227452793554413,0.40317582902394533,0.6467661691542289
Central carbon metabolism in cancer,19,342,0.0526833795011043,0.0526728108525276,1.056864857673645e-05,0.4309339811341268,0.3106094490244068,0.5512585132438468,1.4907817448700494e-12,0.0009990009990009,0.0013933434986066,200,0.1084961929994159,0.3339415309374999,0.0149253731343283,200,0.1421343985876925,0.4145757151023898,0.05472636815920398
Transcriptional misregulation in cancer,123,15006,0.0081312200054526,0.0081310765817761,1.434236764907837e-07,0.2681937525001708,0.1487083646537742,0.3876791403465673,5.435234068845136e-05,0.0009990009990009,0.0013933434986066,0,,,,200,0.2681937525001708,0.5842056354232694,0.6218905472636815
Chemical carcinogenesis,120,14280,0.0083344159647822,0.0083343433216214,7.264316082000732e-08,0.1849683352093907,0.0657624109700984,0.3041742594486831,0.0540219906207498,0.0029970029970029,0.0038741746058819,0,,,,200,0.18496833520939077,0.45624521266176576,0.5621890547263682
Viral carcinogenesis,90,8010,0.0111133391037583,0.0111129451543092,3.939494490623474e-07,0.3596895490954878,0.2397797206393384,0.4795993775516372,1.1064276242510214e-09,0.0009990009990009,0.0013933434986066,200,0.123867076362934,0.3689463914708587,0.0597014925373134,200,0.1505506517894466,0.5457560007227682,0.1691542288557214
Non-small cell lung cancer,5,20,0.2006523013114929,0.2005332559347152,0.0001190453767776,0.2212100008952255,0.1018949199058743,0.3405250818845767,0.0002657726568835,0.0009990009990009,0.0013933434986066,0,,,,200,0.12874001963828507,0.3337699683359236,0.25870646766169153
Small cell lung cancer,23,506,0.043507982045412,0.0435039885342121,3.993511199951172e-06,0.2029944979428498,0.083736702847204,0.3222522930384955,0.0001692889634989,0.0019980019980019,0.0026473526473526,200,0.1376779861458456,0.3301824885055928,0.2985074626865671,200,0.1401393121746763,0.36325853558847554,0.36318407960199006
Breast cancer,4,12,0.2507765889167785,0.2505230009555816,0.0002535879611968,0.3391541398429775,0.2193501984126122,0.4589580812733427,1.7943989996598896e-09,0.0009990009990009,0.0013933434986066,0,,,,200,0.14564931252293714,0.4124652497724815,0.11940298507462686
Colorectal cancer,6,30,0.1670634001493454,0.1669306308031082,0.0001327693462371,0.4323768257966376,0.3120431391078827,0.5527105124853925,4.54834440670644e-12,0.0009990009990009,0.0013933434986066,0,,,,200,0.14738332878177224,0.40454944888607913,0.04975124378109453
Gastric cancer,7,42,0.1431775242090225,0.143163189291954,1.4334917068481444e-05,0.0517347423799697,-0.0672369915366333,0.1707064762965727,0.7307098637845804,0.4125874125874126,0.4298054886290181,0,,,,200,0.13660590927017835,0.314605264977117,0.8109452736318408
Hepatocellular carcinoma,25,600,0.0400293990969657,0.0400211587548255,8.240342140197754e-06,0.5328619216818027,0.4118175275062044,0.6539063158574009,3.970338432051979e-18,0.0009990009990009,0.0013933434986066,200,0.1345778942963429,0.3644068247748495,0.0049751243781094,200,0.18281364099134492,0.5328619216818027,0.06965174129353234
T cell receptor signaling pathway,10,90,0.100082591176033,0.1000784859061241,4.105269908905029e-06,0.0470756087460374,-0.0718927030729727,0.1660439205650477,0.941225379282183,0.4505494505494505,0.4592138630600169,0,,,,200,0.14802263718016861,0.4203629823795742,0.8407960199004975
B cell receptor signaling pathway,23,506,0.0435011722147464,0.0435001999139785,9.723007678985596e-07,0.0493169953291019,-0.0696529225011347,0.1682869131593386,0.6935377161956479,0.4135864135864135,0.4298054886290181,200,0.1147791766730874,0.3600149760578399,0.7611940298507462,200,0.13721475153897833,0.3411193817526277,0.8059701492537313
Natural killer cell mediated cytotoxicity,35,1190,0.0285823494195938,0.0285817850381135,5.6438148021698e-07,0.0654753262737047,-0.0535083785426712,0.1844590310900807,0.577803108317859,0.2757242757242757,0.3044455544455544,200,0.1181689963982538,0.30615958389412,0.6965174129353234,200,0.1377241196009396,0.4435211003008551,0.7910447761194029
Antigen processing and presentation,35,1190,0.0285829287022352,0.0285815875977277,1.341104507446289e-06,0.1700075706757594,0.0508410512191678,0.2891740901323509,0.0041064870493705,0.0119880119880119,0.0151277294134436,200,0.1223669324067301,0.3322781075753222,0.3034825870646766,200,0.14872365311712482,0.426754278264764,0.44776119402985076
Cytokine-cytokine receptor interaction,112,12432,0.0089297201484441,0.0089297639206051,-4.37721610069275e-08,-0.0595448804700924,-0.1785230745143793,0.0594333135741944,0.2814328033081209,0.3276723276723277,0.3544210891149666,0,,,,200,0.12677512501077443,0.4266434931488044,0.8109452736318408
Chemokine signaling pathway,16,240,0.0625538006424903,0.0625447928905487,9.007751941680908e-06,0.2305873255032293,0.1112408472028992,0.3499338038035594,0.0003395363864362,0.0009990009990009,0.0013933434986066,14,0.1449603658036538,0.2809944349095953,0.3333333333333333,200,0.15243836551531953,0.38383248640322637,0.34328358208955223
ECM-receptor interaction,50,2450,0.0200059544295072,0.0200062189251184,-2.644956111907959e-07,-0.0697378350894497,-0.1887258235291852,0.0492501533502857,0.5962526097908106,0.2467532467532467,0.2843026538678713,200,0.1176662549221861,0.3626958639664626,0.736318407960199,200,0.1624944312082098,0.42326704182205394,0.7960199004975125
Focal adhesion,25,600,0.0400265380740165,0.0400227457284927,3.792345523834229e-06,0.2528019463886853,0.1333759247289456,0.372227968048425,2.604522122363011e-06,0.0009990009990009,0.0013933434986066,200,0.1371286702258992,0.3568458087793744,0.1691542288557214,200,0.16069481755658593,0.466734227599612,0.23383084577114427
Cell adhesion molecules,94,8742,0.010640044696629,0.0106399813666939,6.332993507385254e-08,0.0637437300963898,-0.0552383116479643,0.1827257718407439,0.1984813699852227,0.2667332667332667,0.3007843220609178,200,0.1280108855762862,0.3751188588370805,0.7412935323383084,200,0.13564081493553062,0.38465452681781603,0.8208955223880597
Regulation of actin cytoskeleton,63,3906,0.015877740457654,0.0158764366060495,1.30385160446167e-06,0.6109179257827219,0.4892230111388618,0.7326128404265819,1.3791694065095598e-22,0.0009990009990009,0.0013933434986066,200,0.1249284566502792,0.3261401961293407,0.0049751243781094,200,0.15637802698543468,0.6109179257827219,0.06965174129353234
Glycolysis / Gluconeogenesis,30,870,0.033353753387928,0.0333502106368541,3.5427510738372803e-06,0.3687229797053182,0.2487646324761368,0.4886813269344995,1.3604749243834416e-08,0.0009990009990009,0.0013933434986066,200,0.1186156327411653,0.3289356630255698,0.0348258706467661,200,0.14118928102953354,0.36903856012787545,0.08955223880597014
Oxidative phosphorylation,105,10920,0.0095253940671682,0.009525179862976,2.1420419216156009e-07,0.2533812886429391,0.1339530954704953,0.3728094818153828,3.274987281960513e-07,0.0009990009990009,0.0013933434986066,2,0.1574498616596314,0.2120740104402849,0.3333333333333333,200,0.18178987419742174,0.3734773531433264,0.35323383084577115
DNA replication,29,812,0.0345030315220356,0.0344957560300827,7.275491952896118e-06,0.6345159765160924,0.5126076757754268,0.756424277256758,4.3882263531164595e-24,0.0009990009990009,0.0013933434986066,200,0.1429067114868216,0.3687023033431346,0.0099502487562189,200,0.15905953133633366,0.4150183999291271,0.04477611940298507
Mismatch repair,3,6,0.3349352180957794,0.3344720900058746,0.0004631280899047,0.2847780979811847,0.1652248545514419,0.4043313414109274,8.690006069404e-05,0.0009990009990009,0.0013933434986066,0,,,,200,0.12783994400117285,0.35845522527506535,0.14427860696517414
Base excision repair,16,240,0.0625652968883514,0.0625521019101142,1.31949782371521e-05,0.3269539143819546,0.2072099758917875,0.4466978528721217,7.226985401888776e-08,0.0009990009990009,0.0013933434986066,12,0.0848651087393892,0.4092624631443568,0.1538461538461538,200,0.161701201867414,0.3671487606300451,0.11442786069651742
Homologous recombination,25,600,0.0400286652147769,0.0400190204381942,9.644776582717896e-06,0.6053657607303043,0.4837199294975455,0.7270115919630632,2.2963430348447758e-24,0.0009990009990009,0.0013933434986066,200,0.1243421514022279,0.3338465804198284,0.0049751243781094,200,0.15791269928607432,0.5328619216818027,0.03980099502487562
