dataset,model,horizon,threshold,net_benefit
LUAD,treat_all,1y,0.05,0.07469520768562354
LUAD,treat_all,1y,0.1,0.023289385890380404
LUAD,treat_all,1y,0.15000000000000002,-0.0341641796454796
LUAD,treat_all,1y,0.2,-0.09879944087332207
LUAD,treat_all,1y,0.25,-0.1720527369315435
LUAD,treat_all,1y,0.3,-0.2557707895695109
LUAD,treat_all,1y,0.35000000000000003,-0.3523685426133195
LUAD,treat_all,1y,0.4,-0.46506592116442946
LUAD,treat_all,1y,0.45,-0.5982537321793775
LUAD,treat_all,1y,0.5,-0.7580791053973153
LUAD,treat_all,1y,0.55,-0.9534212282192394
LUAD,clinical,1y,0.05,3.518023082227373e-05
LUAD,clinical,1y,0.1,0.04504073097945726
LUAD,clinical,1y,0.15000000000000002,0.028125501121437597
LUAD,clinical,1y,0.2,0.02210747967833361
LUAD,clinical,1y,0.25,0.0022346404300187406
LUAD,clinical,1y,0.3,0.00026730105902816013
LUAD,clinical,1y,0.35000000000000003,0.0
LUAD,clinical,1y,0.4,0.0
LUAD,clinical,1y,0.45,0.0
LUAD,clinical,1y,0.5,0.0
LUAD,clinical,1y,0.55,0.0
LUAD,clinical+risk,1y,0.05,0.0036368534383126594
LUAD,clinical+risk,1y,0.1,0.04293975494175453
LUAD,clinical+risk,1y,0.15000000000000002,0.02662480395164993
LUAD,clinical+risk,1y,0.2,0.020490208012366645
LUAD,clinical+risk,1y,0.25,0.0019427317183838945
LUAD,clinical+risk,1y,0.3,0.00023661072053934515
LUAD,clinical+risk,1y,0.35000000000000003,0.0008368895884544112
LUAD,clinical+risk,1y,0.4,0.001737307890327011
LUAD,clinical+risk,1y,0.45,0.0
LUAD,clinical+risk,1y,0.5,0.0
LUAD,clinical+risk,1y,0.55,0.0
LUAD,risk,1y,0.05,0.0030365745703975905
LUAD,risk,1y,0.1,0.0028042442013798546
LUAD,risk,1y,0.15000000000000002,-0.001412229221670597
LUAD,risk,1y,0.2,-0.00014386242090066916
LUAD,risk,1y,0.25,-0.001800836603745199
LUAD,risk,1y,0.3,0.0
LUAD,risk,1y,0.35000000000000003,0.0
LUAD,risk,1y,0.4,0.0
LUAD,risk,1y,0.45,0.0
LUAD,risk,1y,0.5,0.0
LUAD,risk,1y,0.55,0.0
LUAD,treat_all,3y,0.05,0.3544387838837876
LUAD,treat_all,3y,0.1,0.31857427187733134
LUAD,treat_all,3y,0.15000000000000002,0.27849040551717436
LUAD,treat_all,3y,0.2,0.23339605586199777
LUAD,treat_all,3y,0.25,0.1822891262527976
LUAD,treat_all,3y,0.3,0.12388120669942598
LUAD,treat_all,3y,0.35000000000000003,0.05648745336861255
LUAD,treat_all,3y,0.4,-0.022138592184002992
LUAD,treat_all,3y,0.45,-0.11506028238254873
LUAD,treat_all,3y,0.5,-0.22656631062080357
LUAD,treat_all,3y,0.55,-0.36285145624533743
LUAD,clinical,3y,0.05,0.000503806830725817
LUAD,clinical,3y,0.1,0.000503806830725817
LUAD,clinical,3y,0.15000000000000002,0.000503806830725817
LUAD,clinical,3y,0.2,0.000503806830725817
LUAD,clinical,3y,0.25,0.0064831188531147
LUAD,clinical,3y,0.3,0.10146537555002025
LUAD,clinical,3y,0.35000000000000003,0.11899257607668778
LUAD,clinical,3y,0.4,0.1157050761689105
LUAD,clinical,3y,0.45,0.08749403641721061
LUAD,clinical,3y,0.5,0.08536973164434332
LUAD,clinical,3y,0.55,0.07258496185638065
LUAD,clinical+risk,3y,0.05,0.003523510065895241
LUAD,clinical+risk,3y,0.1,0.009562916536234145
LUAD,clinical+risk,3y,0.15000000000000002,0.009562916536234145
LUAD,clinical+risk,3y,0.2,0.015007808631939623
LUAD,clinical+risk,3y,0.25,0.010587112658406894
LUAD,clinical+risk,3y,0.3,0.13158986939973333
LUAD,clinical+risk,3y,0.35000000000000003,0.1317982571740246
LUAD,clinical+risk,3y,0.4,0.11517197516261586
LUAD,clinical+risk,3y,0.45,0.09143514984886092
LUAD,clinical+risk,3y,0.5,0.08465314954513144
LUAD,clinical+risk,3y,0.55,0.07396905010597266
LUAD,risk,3y,0.05,0.003523510065895241
LUAD,risk,3y,0.1,0.012582619771403514
LUAD,risk,3y,0.15000000000000002,0.012582619771403514
LUAD,risk,3y,0.2,0.015602323006572993
LUAD,risk,3y,0.25,0.015007808631939623
LUAD,risk,3y,0.3,0.012974641659176667
LUAD,risk,3y,0.35000000000000003,0.02594885306215644
LUAD,risk,3y,0.4,0.014669518683569908
LUAD,risk,3y,0.45,0.027516008889532564
LUAD,risk,3y,0.5,0.027227250861221283
LUAD,risk,3y,0.55,0.025904664991095484
LUAD,treat_all,5y,0.05,0.5900231687949364
LUAD,treat_all,5y,0.1,0.5672466781724329
LUAD,treat_all,5y,0.15000000000000002,0.5417906004178701
LUAD,treat_all,5y,0.2,0.513152512943987
LUAD,treat_all,5y,0.25,0.4806960138069195
LUAD,treat_all,5y,0.3,0.44360287193598513
LUAD,treat_all,5y,0.35000000000000003,0.4008030928541378
LUAD,treat_all,5y,0.4,0.3508700172586493
LUAD,treat_all,5y,0.45,0.2918582006457993
LUAD,treat_all,5y,0.5,0.2210440207103792
LUAD,treat_all,5y,0.55,0.1344933563448657
LUAD,clinical,5y,0.05,0.0005038068307248178
LUAD,clinical,5y,0.1,0.0005038068307248178
LUAD,clinical,5y,0.15000000000000002,0.0005038068307248178
LUAD,clinical,5y,0.2,0.0005038068307248178
LUAD,clinical,5y,0.25,0.0005038068307248178
LUAD,clinical,5y,0.3,0.0005038068307248178
LUAD,clinical,5y,0.35000000000000003,0.0005038068307248178
LUAD,clinical,5y,0.4,0.0005038068307248178
LUAD,clinical,5y,0.45,0.017780723713947122
LUAD,clinical,5y,0.5,0.17181297035304688
LUAD,clinical,5y,0.55,0.17479144965677698
LUAD,clinical+risk,5y,0.05,0.0005038068307248178
LUAD,clinical+risk,5y,0.1,0.0005038068307248178
LUAD,clinical+risk,5y,0.15000000000000002,0.0005038068307248178
LUAD,clinical+risk,5y,0.2,0.0005038068307248178
LUAD,clinical+risk,5y,0.25,0.0005038068307248178
LUAD,clinical+risk,5y,0.3,0.0005038068307248178
LUAD,clinical+risk,5y,0.35000000000000003,0.005515991280513277
LUAD,clinical+risk,5y,0.4,0.003482824307750376
LUAD,clinical+risk,5y,0.45,0.02279290816373558
LUAD,clinical+risk,5y,0.5,0.16648362757781265
LUAD,clinical+risk,5y,0.55,0.20249865972857928
LUAD,risk,5y,0.05,0.0005038068307248178
LUAD,risk,5y,0.1,0.0005038068307248178
LUAD,risk,5y,0.15000000000000002,0.0005038068307248178
LUAD,risk,5y,0.2,0.0005038068307248178
LUAD,risk,5y,0.25,0.0005038068307248178
LUAD,risk,5y,0.3,0.0005038068307248178
LUAD,risk,5y,0.35000000000000003,-0.004738300773230897
LUAD,risk,5y,0.4,0.005515991280513277
LUAD,risk,5y,0.45,0.005515991280513277
LUAD,risk,5y,0.5,0.003482824307750376
LUAD,risk,5y,0.55,0.003482824307750376
BRCA,treat_all,1y,0.05,-0.031062699267061705
BRCA,treat_all,1y,0.1,-0.08834396033745402
BRCA,treat_all,1y,0.15000000000000002,-0.15236419329848078
BRCA,treat_all,1y,0.2,-0.22438695537963577
BRCA,treat_all,1y,0.25,-0.3060127524049448
BRCA,treat_all,1y,0.3,-0.3992993775767266
BRCA,treat_all,1y,0.35000000000000003,-0.5069377912364749
BRCA,treat_all,1y,0.4,-0.6325159405061811
BRCA,treat_all,1y,0.45,-0.7809264805521974
BRCA,treat_all,1y,0.5,-0.9590191286074172
BRCA,treat_all,1y,0.55,-1.1766879206749081
BRCA,clinical,1y,0.05,0.009154844324753459
BRCA,clinical,1y,0.1,-4.553321845037651e-05
BRCA,clinical,1y,0.15000000000000002,0.0
BRCA,clinical,1y,0.2,0.0
BRCA,clinical,1y,0.25,0.0
BRCA,clinical,1y,0.3,0.0
BRCA,clinical,1y,0.35000000000000003,0.0
BRCA,clinical,1y,0.4,0.0
BRCA,clinical,1y,0.45,0.0
BRCA,clinical,1y,0.5,0.0
BRCA,clinical,1y,0.55,0.0
BRCA,clinical+risk,1y,0.05,0.010963231107895743
BRCA,clinical+risk,1y,0.1,0.0018896991905789898
BRCA,clinical+risk,1y,0.15000000000000002,0.0
BRCA,clinical+risk,1y,0.2,0.0
BRCA,clinical+risk,1y,0.25,0.0
BRCA,clinical+risk,1y,0.3,0.0
BRCA,clinical+risk,1y,0.35000000000000003,0.0
BRCA,clinical+risk,1y,0.4,0.0
BRCA,clinical+risk,1y,0.45,0.0
BRCA,clinical+risk,1y,0.5,0.0
BRCA,clinical+risk,1y,0.55,0.0
BRCA,risk,1y,0.05,-6.829982767556475e-05
BRCA,risk,1y,0.1,0.0
BRCA,risk,1y,0.15000000000000002,0.0
BRCA,risk,1y,0.2,0.0
BRCA,risk,1y,0.25,0.0
BRCA,risk,1y,0.3,0.0
BRCA,risk,1y,0.35000000000000003,0.0
BRCA,risk,1y,0.4,0.0
BRCA,risk,1y,0.45,0.0
BRCA,risk,1y,0.5,0.0
BRCA,risk,1y,0.55,0.0
BRCA,treat_all,3y,0.05,0.054610507787300866
BRCA,treat_all,3y,0.1,0.0020888693310398
BRCA,treat_all,3y,0.15000000000000002,-0.05661178541419318
BRCA,treat_all,3y,0.2,-0.12265002200258024
BRCA,treat_all,3y,0.25,-0.1974933568027522
BRCA,treat_all,3y,0.3,-0.2830285965743774
BRCA,treat_all,3y,0.35000000000000003,-0.3817231040031758
BRCA,treat_all,3y,0.4,-0.49686669600344036
BRCA,treat_all,3y,0.45,-0.6329454865492075
BRCA,treat_all,3y,0.5,-0.7962400352041283
BRCA,treat_all,3y,0.55,-0.9958222613379205
BRCA,clinical,3y,0.05,0.01854672629441867
BRCA,clinical,3y,0.1,0.03976648313501499
BRCA,clinical,3y,0.15000000000000002,0.0329695285225365
BRCA,clinical,3y,0.2,0.024128579264893014
BRCA,clinical,3y,0.25,0.015554897638132469
BRCA,clinical,3y,0.3,0.013800400394411133
BRCA,clinical,3y,0.35000000000000003,0.0063479759387750495
BRCA,clinical,3y,0.4,0.0014296946098253463
BRCA,clinical,3y,0.45,-0.00048277118997883177
BRCA,clinical,3y,0.5,-0.00024138559498941588
BRCA,clinical,3y,0.55,-0.00024138559498941588
BRCA,clinical+risk,3y,0.05,0.02528918667726643
BRCA,clinical+risk,3y,0.1,0.04051308542561721
BRCA,clinical+risk,3y,0.15000000000000002,0.04058167233752244
BRCA,clinical+risk,3y,0.2,0.03343520180856618
BRCA,clinical+risk,3y,0.25,0.020358491676695577
BRCA,clinical+risk,3y,0.3,0.00913959698052312
BRCA,clinical+risk,3y,0.35000000000000003,0.005742444278423768
BRCA,clinical+risk,3y,0.4,0.0017336182898443728
BRCA,clinical+risk,3y,0.45,0.001912465799804178
BRCA,clinical+risk,3y,0.5,0.0
BRCA,clinical+risk,3y,0.55,0.0
BRCA,risk,3y,0.05,0.0018394961323310033
BRCA,risk,3y,0.1,0.01975273870109892
BRCA,risk,3y,0.15000000000000002,0.002220972312142464
BRCA,risk,3y,0.2,0.0014269840116083396
BRCA,risk,3y,0.25,0.0014269840116083396
BRCA,risk,3y,0.3,0.0
BRCA,risk,3y,0.35000000000000003,0.0
BRCA,risk,3y,0.4,0.0
BRCA,risk,3y,0.45,0.0
BRCA,risk,3y,0.5,0.0
BRCA,risk,3y,0.55,0.0
BRCA,treat_all,5y,0.05,0.13729674681731596
BRCA,treat_all,5y,0.1,0.08936878830716684
BRCA,treat_all,5y,0.15000000000000002,0.03580224644288252
BRCA,treat_all,5y,0.2,-0.024460113154437302
BRCA,treat_all,5y,0.25,-0.09275745403139979
BRCA,treat_all,5y,0.3,-0.1708115578907855
BRCA,treat_all,5y,0.35000000000000003,-0.26087398542084606
BRCA,treat_all,5y,0.4,-0.36594681753924974
BRCA,treat_all,5y,0.45,-0.4901238009519088
BRCA,treat_all,5y,0.5,-0.6391361810470997
BRCA,treat_all,5y,0.55,-0.8212624233856665
BRCA,clinical,5y,0.05,-0.0004085813205794431
BRCA,clinical,5y,0.1,0.033434248847842296
BRCA,clinical,5y,0.15000000000000002,0.043850099996473504
BRCA,clinical,5y,0.2,0.06306129657740883
BRCA,clinical,5y,0.25,0.054712296622020776
BRCA,clinical,5y,0.3,0.05171563012250455
BRCA,clinical,5y,0.35000000000000003,0.04198221892304397
BRCA,clinical,5y,0.4,0.03301545344318819
BRCA,clinical,5y,0.45,0.0177764375195401
BRCA,clinical,5y,0.5,0.014115198297093297
BRCA,clinical,5y,0.55,0.008515544144062533
BRCA,clinical+risk,5y,0.05,0.0063279147748435405
BRCA,clinical+risk,5y,0.1,0.04543616126303385
BRCA,clinical+risk,5y,0.15000000000000002,0.058034349458062656
BRCA,clinical+risk,5y,0.2,0.06342950723540211
BRCA,clinical+risk,5y,0.25,0.06257003008278027
BRCA,clinical+risk,5y,0.3,0.05796987845101052
BRCA,clinical+risk,5y,0.35000000000000003,0.05054034190055903
BRCA,clinical+risk,5y,0.4,0.040698626248878884
BRCA,clinical+risk,5y,0.45,0.027643528519450872
BRCA,clinical+risk,5y,0.5,0.014828228814757791
BRCA,clinical+risk,5y,0.55,0.00792902475663205
BRCA,risk,5y,0.05,0.0009896655133212195
BRCA,risk,5y,0.1,0.006229162476427935
BRCA,risk,5y,0.15000000000000002,0.021827591794863377
BRCA,risk,5y,0.2,0.015941626823343227
BRCA,risk,5y,0.25,0.0004596586347016011
BRCA,risk,5y,0.3,0.002483687465460036
BRCA,risk,5y,0.35000000000000003,0.0014269840116083396
BRCA,risk,5y,0.4,0.0014269840116083396
BRCA,risk,5y,0.45,0.0
BRCA,risk,5y,0.5,0.0
BRCA,risk,5y,0.55,0.0
KIRC,treat_all,1y,0.05,0.04952329826065011
KIRC,treat_all,1y,0.1,-0.0032809629470915425
KIRC,treat_all,1y,0.15000000000000002,-0.06229749017927341
KIRC,treat_all,1y,0.2,-0.128691083315478
KIRC,treat_all,1y,0.25,-0.20393715553650987
KIRC,treat_all,1y,0.3,-0.28993266664626055
KIRC,treat_all,1y,0.35000000000000003,-0.3891582563882807
KIRC,treat_all,1y,0.4,-0.5049214444206374
KIRC,treat_all,1y,0.45,-0.6417324848225134
KIRC,treat_all,1y,0.5,-0.8059057333047648
KIRC,treat_all,1y,0.55,-1.0065619258941831
KIRC,clinical,1y,0.05,0.038426065341411464
KIRC,clinical,1y,0.1,0.054983241624815146
KIRC,clinical,1y,0.15000000000000002,0.05812614610817772
KIRC,clinical,1y,0.2,0.038467933175822824
KIRC,clinical,1y,0.25,0.018687133236278616
KIRC,clinical,1y,0.3,0.015221425741693316
KIRC,clinical,1y,0.35000000000000003,0.007935664825728623
KIRC,clinical,1y,0.4,0.003965909763220674
KIRC,clinical,1y,0.45,0.0
KIRC,clinical,1y,0.5,0.0
KIRC,clinical,1y,0.55,0.0
KIRC,clinical+risk,1y,0.05,0.03996486648269499
KIRC,clinical+risk,1y,0.1,0.05606790406883085
KIRC,clinical+risk,1y,0.15000000000000002,0.04442714792355667
KIRC,clinical+risk,1y,0.2,0.03733374534685685
KIRC,clinical+risk,1y,0.25,0.024062755702120908
KIRC,clinical+risk,1y,0.3,0.02038062051406471
KIRC,clinical+risk,1y,0.35000000000000003,0.018501971810169795
KIRC,clinical+risk,1y,0.4,0.011355690602921319
KIRC,clinical+risk,1y,0.45,0.0076189582460006134
KIRC,clinical+risk,1y,0.5,0.005611832211069275
KIRC,clinical+risk,1y,0.55,0.005833394210827051
KIRC,risk,1y,0.05,0.006884489704841165
KIRC,risk,1y,0.1,0.028251427756895018
KIRC,risk,1y,0.15000000000000002,0.012229996614075261
KIRC,risk,1y,0.2,0.00975229201354073
KIRC,risk,1y,0.25,0.005862219360292775
KIRC,risk,1y,0.3,0.006748467359323879
KIRC,risk,1y,0.35000000000000003,0.003666110771708619
KIRC,risk,1y,0.4,0.0
KIRC,risk,1y,0.45,0.0
KIRC,risk,1y,0.5,0.0
KIRC,risk,1y,0.55,0.0
KIRC,treat_all,3y,0.05,0.19631295275538785
KIRC,treat_all,3y,0.1,0.1516636723529094
KIRC,treat_all,3y,0.15000000000000002,0.10176153543249228
KIRC,treat_all,3y,0.2,0.04562163139702308
KIRC,treat_all,3y,0.25,-0.018003593176508736
KIRC,treat_all,3y,0.3,-0.09071813554625935
KIRC,treat_all,3y,0.35000000000000003,-0.1746195305882794
KIRC,treat_all,3y,0.4,-0.27250449147063593
KIRC,treat_all,3y,0.45,-0.38818671796796644
KIRC,treat_all,3y,0.5,-0.5270053897647631
KIRC,treat_all,3y,0.55,-0.6966726552941813
KIRC,clinical,3y,0.05,0.0009648452765038118
KIRC,clinical,3y,0.1,0.06057577971235101
KIRC,clinical,3y,0.15000000000000002,0.080156274751008
KIRC,clinical,3y,0.2,0.10615220710572626
KIRC,clinical,3y,0.25,0.11513994802197532
KIRC,clinical,3y,0.3,0.1034515238557854
KIRC,clinical,3y,0.35000000000000003,0.10176533861685069
KIRC,clinical,3y,0.4,0.09266621660575575
KIRC,clinical,3y,0.45,0.07147255199876376
KIRC,clinical,3y,0.5,0.05453890598736255
KIRC,clinical,3y,0.55,0.023436251035161813
KIRC,clinical+risk,3y,0.05,0.018841644226995413
KIRC,clinical+risk,3y,0.1,0.07064641535441221
KIRC,clinical+risk,3y,0.15000000000000002,0.09658540171857191
KIRC,clinical+risk,3y,0.2,0.10253837506399337
KIRC,clinical+risk,3y,0.25,0.12009843875151888
KIRC,clinical+risk,3y,0.3,0.11103922945809833
KIRC,clinical+risk,3y,0.35000000000000003,0.10964754105359578
KIRC,clinical+risk,3y,0.4,0.09718354525702763
KIRC,clinical+risk,3y,0.45,0.086270496573991
KIRC,clinical+risk,3y,0.5,0.05918558674292726
KIRC,clinical+risk,3y,0.55,0.04834270467196078
KIRC,risk,3y,0.05,0.0017774270469806952
KIRC,risk,3y,0.1,0.004215172358411401
KIRC,risk,3y,0.15000000000000002,0.0267252345289547
KIRC,risk,3y,0.2,0.06364763273456098
KIRC,risk,3y,0.25,0.07075913691936078
KIRC,risk,3y,0.3,0.054322091920287564
KIRC,risk,3y,0.35000000000000003,0.0425084419491302
KIRC,risk,3y,0.4,0.028792579625602645
KIRC,risk,3y,0.45,0.018372032068492264
KIRC,risk,3y,0.5,0.019997195609446045
KIRC,risk,3y,0.55,0.015094733941062304
KIRC,treat_all,5y,0.05,0.33009181566673185
KIRC,treat_all,5y,0.1,0.2928746943148836
KIRC,treat_all,5y,0.15000000000000002,0.251279088098112
KIRC,treat_all,5y,0.2,0.20448403110424407
KIRC,treat_all,5y,0.25,0.1514496331778603
KIRC,treat_all,5y,0.3,0.09083889269056461
KIRC,treat_all,5y,0.35000000000000003,0.020903422897531054
KIRC,treat_all,5y,0.4,-0.06068795852767461
KIRC,treat_all,5y,0.45,-0.157114136575645
KIRC,treat_all,5y,0.5,-0.27282555023320954
KIRC,treat_all,5y,0.55,-0.4142506113702329
KIRC,clinical,5y,0.05,0.0002678466662026646
KIRC,clinical,5y,0.1,0.007057233205553626
KIRC,clinical,5y,0.15000000000000002,0.05517198715813715
KIRC,clinical,5y,0.2,0.08534171077418898
KIRC,clinical,5y,0.25,0.12321320203984162
KIRC,clinical,5y,0.3,0.1333120709496035
KIRC,clinical,5y,0.35000000000000003,0.14883189103108735
KIRC,clinical,5y,0.4,0.15369024115863217
KIRC,clinical,5y,0.45,0.1345693239707712
KIRC,clinical,5y,0.5,0.14712672410515346
KIRC,clinical,5y,0.55,0.12864116840706147
KIRC,clinical+risk,5y,0.05,0.0002678466662026646
KIRC,clinical+risk,5y,0.1,0.029732036838807707
KIRC,clinical+risk,5y,0.15000000000000002,0.0899424362955476
KIRC,clinical+risk,5y,0.2,0.1171550534201184
KIRC,clinical+risk,5y,0.25,0.12452749308327449
KIRC,clinical+risk,5y,0.3,0.14674544893070937
KIRC,clinical+risk,5y,0.35000000000000003,0.16940261401671391
KIRC,clinical+risk,5y,0.4,0.15295863861625636
KIRC,clinical+risk,5y,0.45,0.14950076975749593
KIRC,clinical+risk,5y,0.5,0.15224401904032092
KIRC,clinical+risk,5y,0.55,0.12883056923838027
KIRC,risk,5y,0.05,0.0002678466662026646
KIRC,risk,5y,0.1,0.0027073757887351446
KIRC,risk,5y,0.15000000000000002,0.007586434033800049
KIRC,risk,5y,0.2,0.017158908155029684
KIRC,risk,5y,0.25,0.04184745723432903
KIRC,risk,5y,0.3,0.07598878913674983
KIRC,risk,5y,0.35000000000000003,0.10843564617279766
KIRC,risk,5y,0.4,0.11497636747577314
KIRC,risk,5y,0.45,0.090597217272472
KIRC,risk,5y,0.5,0.06969123714399991
KIRC,risk,5y,0.55,0.04799310070042617
