pathway,drug,n,rho,P,q
Cell cycle,MK-1775,49,-0.2010204081632653,0.16605196607183398,0.9158113520080801
Cell cycle,Paclitaxel,49,-0.08632653061224489,0.5553323515771971,0.9574244080257808
Cell cycle,Gefitinib,49,0.2556122448979592,0.07628277617256485,0.8975802883155288
Cell cycle,Gemcitabine,49,-0.03265306122448979,0.8237455576455504,0.9669803857890183
Cell cycle,5-Fluorouracil,49,0.11642857142857142,0.42563956845032314,0.9323688896375848
Cell cycle,Palbociclib,49,0.17030612244897955,0.24202593505607609,0.9323688896375848
Cell cycle,Docetaxel,49,-0.12408163265306121,0.39563728005978316,0.9323688896375848
Cell cycle,Cisplatin,49,0.058061224489795914,0.6919050436923425,0.9621202040318297
Cell cycle,AZD7762,49,-0.2198979591836734,0.12896405553871598,0.9158113520080801
Cell cycle,AZD6738,49,-0.2007142857142857,0.16671134849082567,0.9158113520080801
Cell cycle,Talazoparib,49,0.026428571428571426,0.85695192960559,0.9724511709198096
Cell cycle,Niraparib,49,-0.02061224489795918,0.8882050732748759,0.9744736711156785
Cell cycle,Olaparib,49,-0.019795918367346933,0.8926060880394843,0.9744736711156785
Cell cycle,Ribociclib,49,0.09928571428571427,0.4973036299673296,0.9353567910854379
Cell cycle,Trametinib,49,-0.0065306122448979586,0.9644782719082005,0.9846838222973388
Cell cycle,Erlotinib,49,0.21785714285714286,0.1326433885904172,0.9158113520080801
Cell cycle,Selumetinib,49,0.12632653061224489,0.3870771486000205,0.9323688896375848
Cellular senescence,MK-1775,49,0.10540816326530611,0.47101966788956606,0.9323688896375848
Cellular senescence,Paclitaxel,49,-0.1946938775510204,0.18006870620987137,0.9158113520080801
Cellular senescence,Gefitinib,49,0.015,0.9185224577972411,0.9797021202123788
Cellular senescence,Gemcitabine,49,0.13183673469387752,0.36653467321730915,0.9323688896375848
Cellular senescence,5-Fluorouracil,49,0.005816326530612244,0.9683613687039432,0.9854089277695735
Cellular senescence,Palbociclib,49,-0.10459183673469387,0.4744807528749603,0.9323688896375848
Cellular senescence,Docetaxel,49,-0.13877551020408163,0.34162318346402265,0.9323688896375848
Cellular senescence,Cisplatin,49,0.15989795918367344,0.27243565438218714,0.9323688896375848
Cellular senescence,AZD7762,49,-0.07469387755102042,0.6100003624119927,0.9605053886154118
Cellular senescence,AZD6738,49,-0.019693877551020405,0.8931564427462443,0.9744736711156785
Cellular senescence,Talazoparib,49,0.1796938775510204,0.21665519084480292,0.9273275876045036
Cellular senescence,Niraparib,49,0.037959183673469385,0.7956752944109444,0.9621202040318297
Cellular senescence,Olaparib,49,0.24918367346938775,0.08423798211640299,0.8975802883155288
Cellular senescence,Ribociclib,49,-0.2515306122448979,0.08126165424061013,0.8975802883155288
Cellular senescence,Trametinib,49,0.271734693877551,0.05892545915469729,0.8766703776965332
Cellular senescence,Erlotinib,49,0.06744897959183672,0.6451721769573432,0.9605053886154118
Cellular senescence,Selumetinib,49,0.2174489795918367,0.13338860017322077,0.9158113520080801
Autophagy,MK-1775,49,-0.1293877551020408,0.375582100015997,0.9323688896375848
Autophagy,Paclitaxel,49,-0.10989795918367347,0.4522268898639845,0.9323688896375848
Autophagy,Gefitinib,49,0.10346938775510203,0.47926172935828226,0.9323688896375848
Autophagy,Gemcitabine,49,-0.11030612244897958,0.45053904333378725,0.9323688896375848
Autophagy,5-Fluorouracil,49,-0.03510204081632653,0.8107606644098592,0.9621202040318297
Autophagy,Palbociclib,49,-0.03204081632653061,0.8269992338175048,0.9669803857890183
Autophagy,Docetaxel,49,-0.06673469387755102,0.6486834634068122,0.9605053886154118
Autophagy,Cisplatin,49,-0.14051020408163264,0.3355632025646774,0.9323688896375848
Autophagy,AZD7762,49,-0.16561224489795917,0.25544097949206507,0.9323688896375848
Autophagy,AZD6738,49,-0.12785714285714284,0.3813038963445802,0.9323688896375848
Autophagy,Talazoparib,49,-0.29142857142857137,0.04218685175097419,0.7945052062349137
Autophagy,Niraparib,49,-0.19234693877551018,0.1854788236229163,0.9158113520080801
Autophagy,Olaparib,49,-0.20530612244897958,0.15701903753169189,0.9158113520080801
Autophagy,Ribociclib,49,0.10591836734693877,0.46886335493943354,0.9323688896375848
Autophagy,Trametinib,49,-0.005612244897959183,0.9694709621810536,0.9854089277695735
Autophagy,Erlotinib,49,0.03224489795918367,0.8259143528970094,0.9669803857890183
Autophagy,Selumetinib,49,0.04540816326530611,0.7567043660238332,0.9621202040318297
HIF-1 signaling pathway,MK-1775,49,-0.009285714285714284,0.9495090411242234,0.9843598274253951
HIF-1 signaling pathway,Paclitaxel,49,-0.07795918367346939,0.5944226728218318,0.9605053886154118
HIF-1 signaling pathway,Gefitinib,49,-0.012244897959183675,0.9334503037070084,0.9837992375928452
HIF-1 signaling pathway,Gemcitabine,49,-0.11081632653061223,0.4484340989681216,0.9323688896375848
HIF-1 signaling pathway,5-Fluorouracil,49,-0.09051020408163264,0.5362542787680826,0.9522796806568614
HIF-1 signaling pathway,Palbociclib,49,-0.1140816326530612,0.4350911690167658,0.9323688896375848
HIF-1 signaling pathway,Docetaxel,49,0.046836734693877544,0.7492951815760341,0.9621202040318297
HIF-1 signaling pathway,Cisplatin,49,-0.13520408163265304,0.35431139402928746,0.9323688896375848
HIF-1 signaling pathway,AZD7762,49,0.028571428571428567,0.8454895153816597,0.9706088803804463
HIF-1 signaling pathway,AZD6738,49,0.04775510204081633,0.7445438840403933,0.9621202040318297
HIF-1 signaling pathway,Talazoparib,49,-0.11846938775510203,0.41751592334288967,0.9323688896375848
HIF-1 signaling pathway,Niraparib,49,-0.12397959183673468,0.396028987704937,0.9323688896375848
HIF-1 signaling pathway,Olaparib,49,-0.15397959183673468,0.2908093738815884,0.9323688896375848
HIF-1 signaling pathway,Ribociclib,49,-0.20397959183673467,0.15977554281473264,0.9158113520080801
HIF-1 signaling pathway,Trametinib,49,0.05510204081632653,0.7068850150882793,0.9621202040318297
HIF-1 signaling pathway,Erlotinib,49,-0.15306122448979592,0.29373107289152567,0.9323688896375848
HIF-1 signaling pathway,Selumetinib,49,0.08091836734693877,0.5804594273169759,0.9605053886154118
Homologous recombination,MK-1775,49,0.023163265306122446,0.8744739718129377,0.9744519411513071
Homologous recombination,Paclitaxel,49,0.07081632653061223,0.6287229357703875,0.9605053886154118
Homologous recombination,Gefitinib,49,0.09755102040816324,0.5048857288313375,0.9439167973803267
Homologous recombination,Gemcitabine,49,-0.02255102040816326,0.8777662570438194,0.9744736711156785
Homologous recombination,5-Fluorouracil,49,0.03948979591836734,0.7876237704189392,0.9621202040318297
Homologous recombination,Palbociclib,49,0.041020408163265305,0.7795941504418246,0.9621202040318297
Homologous recombination,Docetaxel,49,0.03295918367346938,0.8221198146198566,0.9669803857890183
Homologous recombination,Cisplatin,49,-0.018673469387755104,0.898662686419592,0.977307365566068
Homologous recombination,AZD7762,49,-0.128265306122449,0.3797730455201813,0.9323688896375848
Homologous recombination,AZD6738,49,-0.04479591836734693,0.7598864113022161,0.9621202040318297
Homologous recombination,Talazoparib,49,-0.07010204081632652,0.6321976468909178,0.9605053886154118
Homologous recombination,Niraparib,49,-0.00683673469387755,0.9628143318866723,0.9843598274253951
Homologous recombination,Olaparib,49,0.09836734693877551,0.5013103559574836,0.9396355646280014
Homologous recombination,Ribociclib,49,-0.08714285714285712,0.5515847475778202,0.9562805840174761
Homologous recombination,Trametinib,49,0.035306122448979585,0.8096808099614771,0.9621202040318297
Homologous recombination,Erlotinib,49,0.058979591836734686,0.6872793889022091,0.9621202040318297
Homologous recombination,Selumetinib,49,0.11591836734693876,0.4276843378676597,0.9323688896375848
DNA replication,MK-1775,49,-0.19642857142857142,0.17614350310012752,0.9158113520080801
DNA replication,Paclitaxel,49,0.05122448979591836,0.7266806236843173,0.9621202040318297
DNA replication,Gefitinib,49,0.17734693877551017,0.22281681510596227,0.9273275876045036
DNA replication,Gemcitabine,49,-0.12397959183673468,0.396028987704937,0.9323688896375848
DNA replication,5-Fluorouracil,49,0.05316326530612245,0.7167598005366129,0.9621202040318297
DNA replication,Palbociclib,49,0.09499999999999999,0.5161419989894269,0.9503773331518163
DNA replication,Docetaxel,49,0.049081632653061216,0.737697516937967,0.9621202040318297
DNA replication,Cisplatin,49,-0.05663265306122449,0.6991226134923163,0.9621202040318297
DNA replication,AZD7762,49,-0.2854081632653061,0.046829173607192444,0.7945052062349137
DNA replication,AZD6738,49,-0.24918367346938775,0.08423798211640299,0.8975802883155288
DNA replication,Talazoparib,49,-0.04081632653061224,0.7806634724520677,0.9621202040318297
DNA replication,Niraparib,49,-0.15877551020408162,0.27585984822105136,0.9323688896375848
DNA replication,Olaparib,49,0.07887755102040815,0.5900733718381393,0.9605053886154118
DNA replication,Ribociclib,49,0.17326530612244898,0.23381960676200067,0.9323688896375848
DNA replication,Trametinib,49,-0.027448979591836727,0.85148984566597,0.9707745124543434
DNA replication,Erlotinib,49,0.16153061224489795,0.2675054557204748,0.9323688896375848
DNA replication,Selumetinib,49,0.1941836734693877,0.1812350544151716,0.9158113520080801
Regulation of actin cytoskeleton,MK-1775,49,0.19234693877551018,0.1854788236229163,0.9158113520080801
Regulation of actin cytoskeleton,Paclitaxel,49,0.28489795918367344,0.047240988255889516,0.7945052062349137
Regulation of actin cytoskeleton,Gefitinib,49,-0.03520408163265306,0.8102206934915237,0.9621202040318297
Regulation of actin cytoskeleton,Gemcitabine,49,0.24591836734693873,0.08852016887255947,0.8975802883155288
Regulation of actin cytoskeleton,5-Fluorouracil,49,0.2174489795918367,0.13338860017322077,0.9158113520080801
Regulation of actin cytoskeleton,Palbociclib,49,-0.08867346938775508,0.5445905790930886,0.9562805840174761
Regulation of actin cytoskeleton,Docetaxel,49,0.24816326530612243,0.08555836800766974,0.8975802883155288
Regulation of actin cytoskeleton,Cisplatin,49,0.044897959183673466,0.7593557956560343,0.9621202040318297
Regulation of actin cytoskeleton,AZD7762,49,0.07418367346938774,0.6124501386692583,0.9605053886154118
Regulation of actin cytoskeleton,AZD6738,49,-0.0022448979591836735,0.9877859616843256,0.9916092772463863
Regulation of actin cytoskeleton,Talazoparib,49,0.18959183673469382,0.19197706375027038,0.9159020465389225
Regulation of actin cytoskeleton,Niraparib,49,-0.018469387755102037,0.8997645102954361,0.977307365566068
Regulation of actin cytoskeleton,Olaparib,49,0.07275510204081632,0.6193317810229702,0.9605053886154118
Regulation of actin cytoskeleton,Ribociclib,49,0.14030612244897958,0.3362726439192083,0.9323688896375848
Regulation of actin cytoskeleton,Trametinib,49,0.00857142857142857,0.9533885041653903,0.9843598274253951
Regulation of actin cytoskeleton,Erlotinib,49,0.007244897959183673,0.9605959901710166,0.9843598274253951
Regulation of actin cytoskeleton,Selumetinib,49,0.12918367346938775,0.37634202695918006,0.9323688896375848
Ferroptosis,MK-1775,49,0.1423469387755102,0.3292202490587397,0.9323688896375848
Ferroptosis,Paclitaxel,49,-0.023775510204081626,0.8711837880793121,0.9744519411513071
Ferroptosis,Gefitinib,49,0.13204081632653059,0.36578670675779146,0.9323688896375848
Ferroptosis,Gemcitabine,49,0.06316326530612244,0.6663521800704596,0.9605053886154118
Ferroptosis,5-Fluorouracil,49,0.01010204081632653,0.9450767919960641,0.9843598274253951
Ferroptosis,Palbociclib,49,-0.1046938775510204,0.47404737941518693,0.9323688896375848
Ferroptosis,Docetaxel,49,-0.08397959183673467,0.5661732463383644,0.9605053886154118
Ferroptosis,Cisplatin,49,0.07714285714285714,0.5983005766466022,0.9605053886154118
Ferroptosis,AZD7762,49,0.20306122448979588,0.16170452689121526,0.9158113520080801
Ferroptosis,AZD6738,49,0.1743877551020408,0.23075738045062477,0.9323688896375848
Ferroptosis,Talazoparib,49,0.1313265306122449,0.3684086231659487,0.9323688896375848
Ferroptosis,Niraparib,49,-0.017040816326530612,0.9074823984241472,0.9790160177334756
Ferroptosis,Olaparib,49,0.0033673469387755102,0.9816798080633319,0.9881973232016997
Ferroptosis,Ribociclib,49,-0.026224489795918363,0.8580451508115967,0.9724511709198096
Ferroptosis,Trametinib,49,0.11204081632653061,0.4434043480659067,0.9323688896375848
Ferroptosis,Erlotinib,49,0.07163265306122449,0.6247615634927834,0.9605053886154118
Ferroptosis,Selumetinib,49,0.08959183673469386,0.5404146501944502,0.9542104089182202
Apoptosis,MK-1775,49,0.21081632653061222,0.1459417445714493,0.9158113520080801
Apoptosis,Paclitaxel,49,0.00683673469387755,0.9628143318866723,0.9843598274253951
Apoptosis,Gefitinib,49,0.034081632653061224,0.81616512712711,0.9644783808895394
Apoptosis,Gemcitabine,49,0.16193877551020408,0.2662822396449768,0.9323688896375848
Apoptosis,5-Fluorouracil,49,0.17367346938775505,0.23270286186520547,0.9323688896375848
Apoptosis,Palbociclib,49,0.20397959183673467,0.15977554281473264,0.9158113520080801
Apoptosis,Docetaxel,49,0.08663265306122449,0.5539255905660958,0.9572567534369173
Apoptosis,Cisplatin,49,0.19102040816326532,0.18858767508112653,0.9159020465389225
Apoptosis,AZD7762,49,0.32989795918367343,0.020618725290633508,0.7945052062349137
Apoptosis,AZD6738,49,0.19755102040816325,0.17363678494455653,0.9158113520080801
Apoptosis,Talazoparib,49,0.2602040816326531,0.07097268772202281,0.8945005987034255
Apoptosis,Niraparib,49,0.23357142857142857,0.10626265883628404,0.9158113520080801
Apoptosis,Olaparib,49,0.10153061224489794,0.4875793417528663,0.9323688896375848
Apoptosis,Ribociclib,49,0.10693877551020406,0.46456663211375504,0.9323688896375848
Apoptosis,Trametinib,49,0.017551020408163264,0.9047250020538381,0.9783342847653189
Apoptosis,Erlotinib,49,0.14887755102040814,0.30728131823227695,0.9323688896375848
Apoptosis,Selumetinib,49,-0.037959183673469385,0.7956752944109444,0.9621202040318297
Hepatocellular carcinoma,MK-1775,49,0.07908163265306122,0.5891087904680494,0.9605053886154118
Hepatocellular carcinoma,Paclitaxel,49,0.039999999999999994,0.7849447575636722,0.9621202040318297
Hepatocellular carcinoma,Gefitinib,49,0.04285714285714285,0.769988629778843,0.9621202040318297
Hepatocellular carcinoma,Gemcitabine,49,0.11663265306122449,0.42482320950568386,0.9323688896375848
Hepatocellular carcinoma,5-Fluorouracil,49,0.09551020408163266,0.5138807155164452,0.9486030379861653
Hepatocellular carcinoma,Palbociclib,49,-0.02448979591836735,0.8673479687693445,0.9744519411513071
Hepatocellular carcinoma,Docetaxel,49,0.04795918367346939,0.743489309469982,0.9621202040318297
Hepatocellular carcinoma,Cisplatin,49,0.06275510204081633,0.6683831457054057,0.9605053886154118
Hepatocellular carcinoma,AZD7762,49,0.07877551020408162,0.5905559263661879,0.9605053886154118
Hepatocellular carcinoma,AZD6738,49,0.015306122448979591,0.9168654283782078,0.9797021202123788
Hepatocellular carcinoma,Talazoparib,49,0.023775510204081626,0.8711837880793121,0.9744519411513071
Hepatocellular carcinoma,Niraparib,49,0.03979591836734694,0.7860160687692941,0.9621202040318297
Hepatocellular carcinoma,Olaparib,49,0.0807142857142857,0.5814176191016809,0.9605053886154118
Hepatocellular carcinoma,Ribociclib,49,-0.004795918367346938,0.9739098872457992,0.9874176526722319
Hepatocellular carcinoma,Trametinib,49,-0.08132653061224489,0.5785451944928279,0.9605053886154118
Hepatocellular carcinoma,Erlotinib,49,-0.0032653061224489793,0.9822348752243806,0.9881973232016997
Hepatocellular carcinoma,Selumetinib,49,0.0639795918367347,0.6622973542245638,0.9605053886154118
Mitophagy,MK-1775,49,0.20846938775510201,0.15058687333963022,0.9158113520080801
Mitophagy,Paclitaxel,49,0.14959183673469387,0.3049399631489697,0.9323688896375848
Mitophagy,Gefitinib,49,0.13765306122448978,0.3455802220734343,0.9323688896375848
Mitophagy,Gemcitabine,49,0.105,0.47274852304341264,0.9323688896375848
Mitophagy,5-Fluorouracil,49,0.22204081632653058,0.12518388595065516,0.9158113520080801
Mitophagy,Palbociclib,49,0.22387755102040813,0.1220107804749679,0.9158113520080801
Mitophagy,Docetaxel,49,0.28714285714285714,0.04545081251108355,0.7945052062349137
Mitophagy,Cisplatin,49,0.14846938775510204,0.3086243926002235,0.9323688896375848
Mitophagy,AZD7762,49,0.07999999999999999,0.5847769139077745,0.9605053886154118
Mitophagy,AZD6738,49,0.11744897959183671,0.42156663992660415,0.9323688896375848
Mitophagy,Talazoparib,49,0.16642857142857143,0.25307272398112063,0.9323688896375848
Mitophagy,Niraparib,49,0.023979591836734693,0.8700875365406151,0.9744519411513071
Mitophagy,Olaparib,49,0.12887755102040815,0.37748363740769975,0.9323688896375848
Mitophagy,Ribociclib,49,0.10122448979591836,0.48889950492080625,0.9323688896375848
Mitophagy,Trametinib,49,-0.0034693877551020403,0.9811247494849328,0.9881973232016997
Mitophagy,Erlotinib,49,0.17693877551020407,0.22390066564483313,0.9273275876045036
Mitophagy,Selumetinib,49,0.1233673469387755,0.39838398883102355,0.9323688896375848
ErbB signaling pathway,MK-1775,49,-0.031020408163265303,0.8324283935215492,0.9671421968746369
ErbB signaling pathway,Paclitaxel,49,0.05255102040816326,0.71988778839326,0.9621202040318297
ErbB signaling pathway,Gefitinib,49,-0.1207142857142857,0.40868290227028703,0.9323688896375848
ErbB signaling pathway,Gemcitabine,49,-0.2120408163265306,0.14356074303532118,0.9158113520080801
ErbB signaling pathway,5-Fluorouracil,49,-0.09918367346938775,0.4977480051056571,0.9353567910854379
ErbB signaling pathway,Palbociclib,49,-0.17153061224489793,0.2386067495930843,0.9323688896375848
ErbB signaling pathway,Docetaxel,49,0.08785714285714286,0.5483154918435384,0.9562805840174761
ErbB signaling pathway,Cisplatin,49,-0.3016326530612245,0.035182389245203324,0.7945052062349137
ErbB signaling pathway,AZD7762,49,-0.195,0.17937149300229643,0.9158113520080801
ErbB signaling pathway,AZD6738,49,-0.19602040816326527,0.17706147826997853,0.9158113520080801
ErbB signaling pathway,Talazoparib,49,-0.29989795918367346,0.036300291452491876,0.7945052062349137
ErbB signaling pathway,Niraparib,49,-0.1764285714285714,0.22526060125063024,0.9273275876045036
ErbB signaling pathway,Olaparib,49,0.03846938775510204,0.7929890682550749,0.9621202040318297
ErbB signaling pathway,Ribociclib,49,-0.07142857142857141,0.6257509292018497,0.9605053886154118
ErbB signaling pathway,Trametinib,49,-0.12275510204081633,0.40074713210001955,0.9323688896375848
ErbB signaling pathway,Erlotinib,49,-0.11122448979591835,0.4467540418010225,0.9323688896375848
ErbB signaling pathway,Selumetinib,49,-0.05959183673469388,0.6842018876967672,0.9621202040318297
Necroptosis,MK-1775,49,0.19683673469387752,0.17522896632608326,0.9158113520080801
Necroptosis,Paclitaxel,49,0.1380612244897959,0.34413804061614794,0.9323688896375848
Necroptosis,Gefitinib,49,-0.0870408163265306,0.5520525396106359,0.9562805840174761
Necroptosis,Gemcitabine,49,0.13857142857142854,0.3423405499735799,0.9323688896375848
Necroptosis,5-Fluorouracil,49,0.1780612244897959,0.22092883111761147,0.9273275876045036
Necroptosis,Palbociclib,49,0.16397959183673466,0.2602220871823733,0.9323688896375848
Necroptosis,Docetaxel,49,-0.009489795918367346,0.9484008318941588,0.9843598274253951
Necroptosis,Cisplatin,49,0.26479591836734695,0.06596015153667487,0.8766703776965332
Necroptosis,AZD7762,49,0.15316326530612243,0.2934055021593189,0.9323688896375848
Necroptosis,AZD6738,49,0.07581632653061224,0.604625743523136,0.9605053886154118
Necroptosis,Talazoparib,49,0.20591836734693875,0.1557586361893716,0.9158113520080801
Necroptosis,Niraparib,49,0.2910204081632653,0.04248919393380915,0.7945052062349137
Necroptosis,Olaparib,49,0.21795918367346936,0.132457574072242,0.9158113520080801
Necroptosis,Ribociclib,49,0.016122448979591836,0.9124484103626285,0.9797021202123788
Necroptosis,Trametinib,49,0.15959183673469385,0.2733667213617806,0.9323688896375848
Necroptosis,Erlotinib,49,-0.038367346938775505,0.7935261244294718,0.9621202040318297
Necroptosis,Selumetinib,49,0.03989795918367346,0.7854803640208832,0.9621202040318297
Central carbon metabolism in cancer,MK-1775,49,0.2396938775510204,0.09715145229790338,0.9048963474017473
Central carbon metabolism in cancer,Paclitaxel,49,-0.0489795918367347,0.7382234539383558,0.9621202040318297
Central carbon metabolism in cancer,Gefitinib,49,-0.08755102040816326,0.549715466719026,0.9562805840174761
Central carbon metabolism in cancer,Gemcitabine,49,0.08244897959183672,0.5732959158316797,0.9605053886154118
Central carbon metabolism in cancer,5-Fluorouracil,49,0.004387755102040816,0.9761296513858635,0.9881973232016997
Central carbon metabolism in cancer,Palbociclib,49,0.015306122448979591,0.9168654283782078,0.9797021202123788
Central carbon metabolism in cancer,Docetaxel,49,0.04112244897959182,0.7790596406087476,0.9621202040318297
Central carbon metabolism in cancer,Cisplatin,49,-0.2451020408163265,0.08961679572188534,0.8975802883155288
Central carbon metabolism in cancer,AZD7762,49,0.14459183673469386,0.3215705825777719,0.9323688896375848
Central carbon metabolism in cancer,AZD6738,49,0.028367346938775507,0.8465798500012808,0.9706088803804463
Central carbon metabolism in cancer,Talazoparib,49,-0.24020408163265303,0.09642036199086698,0.9048963474017473
Central carbon metabolism in cancer,Niraparib,49,-0.15387755102040815,0.2911330696511487,0.9323688896375848
Central carbon metabolism in cancer,Olaparib,49,-0.12785714285714284,0.3813038963445802,0.9323688896375848
Central carbon metabolism in cancer,Ribociclib,49,-0.11153061224489795,0.44549627683197557,0.9323688896375848
Central carbon metabolism in cancer,Trametinib,49,0.0486734693877551,0.739801975559163,0.9621202040318297
Central carbon metabolism in cancer,Erlotinib,49,-0.05142857142857143,0.7256342025222136,0.9621202040318297
Central carbon metabolism in cancer,Selumetinib,49,-0.03948979591836734,0.7876237704189392,0.9621202040318297
p53 signaling pathway,MK-1775,49,-0.15836734693877547,0.2771120218991621,0.9323688896375848
p53 signaling pathway,Paclitaxel,49,-0.26122448979591834,0.06983346880315436,0.8945005987034255
p53 signaling pathway,Gefitinib,49,0.14653061224489797,0.31505520467251147,0.9323688896375848
p53 signaling pathway,Gemcitabine,49,0.08959183673469386,0.5404146501944502,0.9542104089182202
p53 signaling pathway,5-Fluorouracil,49,0.049081632653061216,0.737697516937967,0.9621202040318297
p53 signaling pathway,Palbociclib,49,0.18969387755102038,0.1917335368169614,0.9159020465389225
p53 signaling pathway,Docetaxel,49,-0.29683673469387756,0.03834446174298863,0.7945052062349137
p53 signaling pathway,Cisplatin,49,0.06346938775510204,0.6648305067034976,0.9605053886154118
p53 signaling pathway,AZD7762,49,-0.18499999999999997,0.20316454707696693,0.9166331273697411
p53 signaling pathway,AZD6738,49,-0.18387755102040815,0.2059677395990793,0.9166331273697411
p53 signaling pathway,Talazoparib,49,0.0910204081632653,0.5339497217317408,0.9522796806568614
p53 signaling pathway,Niraparib,49,0.13265306122448978,0.3635483438593159,0.9323688896375848
p53 signaling pathway,Olaparib,49,0.13316326530612244,0.3616893902544285,0.9323688896375848
p53 signaling pathway,Ribociclib,49,0.10479591836734692,0.4736142165518288,0.9323688896375848
p53 signaling pathway,Trametinib,49,0.08846938775510203,0.5455206655288907,0.9562805840174761
p53 signaling pathway,Erlotinib,49,0.1254081632653061,0.3905657236317662,0.9323688896375848
p53 signaling pathway,Selumetinib,49,0.03908163265306122,0.7897687344715488,0.9621202040318297
Colorectal cancer,MK-1775,49,0.03806122448979591,0.7951378605954806,0.9621202040318297
Colorectal cancer,Paclitaxel,49,-0.06499999999999999,0.6572422743174978,0.9605053886154118
Colorectal cancer,Gefitinib,49,-0.035816326530612244,0.8069827115219305,0.9621202040318297
Colorectal cancer,Gemcitabine,49,-0.11622448979591835,0.42645681275493874,0.9323688896375848
Colorectal cancer,5-Fluorouracil,49,-0.07214285714285713,0.6222910136186797,0.9605053886154118
Colorectal cancer,Palbociclib,49,-0.18255102040816323,0.20931551794996836,0.9166331273697411
Colorectal cancer,Docetaxel,49,-0.12928571428571428,0.37596194878603606,0.9323688896375848
Colorectal cancer,Cisplatin,49,-0.22510204081632648,0.11992942450743797,0.9158113520080801
Colorectal cancer,AZD7762,49,0.07418367346938774,0.6124501386692583,0.9605053886154118
Colorectal cancer,AZD6738,49,0.06408163265306122,0.6617911709685911,0.9605053886154118
Colorectal cancer,Talazoparib,49,-0.22377551020408162,0.12218545228522917,0.9158113520080801
Colorectal cancer,Niraparib,49,-0.2147959183673469,0.13830908046793342,0.9158113520080801
Colorectal cancer,Olaparib,49,-0.10540816326530611,0.47101966788956606,0.9323688896375848
Colorectal cancer,Ribociclib,49,-0.06938775510204082,0.6356802350764164,0.9605053886154118
Colorectal cancer,Trametinib,49,0.1711224489795918,0.2397427928872857,0.9323688896375848
Colorectal cancer,Erlotinib,49,-0.07551020408163266,0.6060895093109346,0.9605053886154118
Colorectal cancer,Selumetinib,49,0.03183673469387755,0.8280844343418954,0.9669803857890183
Rap1 signaling pathway,MK-1775,49,0.02591836734693877,0.8596854760633275,0.97280198607166
Rap1 signaling pathway,Paclitaxel,49,0.06581632653061224,0.653209094074916,0.9605053886154118
Rap1 signaling pathway,Gefitinib,49,0.023265306122448978,0.8739254604546727,0.9744519411513071
Rap1 signaling pathway,Gemcitabine,49,0.12663265306122448,0.38591839023035046,0.9323688896375848
Rap1 signaling pathway,5-Fluorouracil,49,0.1577551020408163,0.27899729820085306,0.9323688896375848
Rap1 signaling pathway,Palbociclib,49,0.09683673469387753,0.5080248126007034,0.9443281297715301
Rap1 signaling pathway,Docetaxel,49,0.2324489795918367,0.10800191306905586,0.9158113520080801
Rap1 signaling pathway,Cisplatin,49,0.09224489795918366,0.5284386102313894,0.9522796806568614
Rap1 signaling pathway,AZD7762,49,0.07673469387755101,0.6002436855588775,0.9605053886154118
Rap1 signaling pathway,AZD6738,49,0.09040816326530611,0.5367157707669314,0.9522796806568614
Rap1 signaling pathway,Talazoparib,49,0.10612244897959182,0.4680023121030552,0.9323688896375848
Rap1 signaling pathway,Niraparib,49,-0.10530612244897959,0.47145156492912,0.9323688896375848
Rap1 signaling pathway,Olaparib,49,0.031224489795918367,0.8313419340641999,0.9671421968746369
Rap1 signaling pathway,Ribociclib,49,0.1313265306122449,0.3684086231659487,0.9323688896375848
Rap1 signaling pathway,Trametinib,49,0.07591836734693877,0.6041381628748284,0.9605053886154118
Rap1 signaling pathway,Erlotinib,49,0.071734693877551,0.6242671257960364,0.9605053886154118
Rap1 signaling pathway,Selumetinib,49,0.1577551020408163,0.27899729820085306,0.9323688896375848
mTOR signaling pathway,MK-1775,49,-0.024897959183673466,0.8651574224670753,0.9744519411513071
mTOR signaling pathway,Paclitaxel,49,0.12448979591836733,0.3940727161338323,0.9323688896375848
mTOR signaling pathway,Gefitinib,49,-0.15724489795918364,0.2805747950279691,0.9323688896375848
mTOR signaling pathway,Gemcitabine,49,0.0031632653061224487,0.9827899507081199,0.9881973232016997
mTOR signaling pathway,5-Fluorouracil,49,0.04091836734693877,0.7801287611338564,0.9621202040318297
mTOR signaling pathway,Palbociclib,49,-0.14928571428571427,0.3059419944799865,0.9323688896375848
mTOR signaling pathway,Docetaxel,49,-0.015102040816326528,0.917970076259211,0.9797021202123788
mTOR signaling pathway,Cisplatin,49,-0.031224489795918367,0.8313419340641999,0.9671421968746369
mTOR signaling pathway,AZD7762,49,-0.06714285714285713,0.6466760824202926,0.9605053886154118
mTOR signaling pathway,AZD6738,49,-0.03673469387755102,0.8021317503456594,0.9621202040318297
mTOR signaling pathway,Talazoparib,49,-0.2902040816326531,0.043099198111371424,0.7945052062349137
mTOR signaling pathway,Niraparib,49,-0.17765306122448976,0.22200631551018368,0.9273275876045036
mTOR signaling pathway,Olaparib,49,-0.20510204081632652,0.15744082923543432,0.9158113520080801
mTOR signaling pathway,Ribociclib,49,-0.00846938775510204,0.953942802512475,0.9843598274253951
mTOR signaling pathway,Trametinib,49,-0.008775510204081632,0.9522799731828591,0.9843598274253951
mTOR signaling pathway,Erlotinib,49,-0.2657142857142857,0.06499236984259193,0.8766703776965332
mTOR signaling pathway,Selumetinib,49,-0.16193877551020408,0.2662822396449768,0.9323688896375848
Hedgehog signaling pathway,MK-1775,49,-0.03959183673469387,0.7870877722027299,0.9621202040318297
Hedgehog signaling pathway,Paclitaxel,49,0.04306122448979591,0.7689234255952565,0.9621202040318297
Hedgehog signaling pathway,Gefitinib,49,0.07142857142857141,0.6257509292018497,0.9605053886154118
Hedgehog signaling pathway,Gemcitabine,49,0.12989795918367344,0.37368629890471894,0.9323688896375848
Hedgehog signaling pathway,5-Fluorouracil,49,0.014795918367346936,0.9196273347865715,0.9797021202123788
Hedgehog signaling pathway,Palbociclib,49,-0.052448979591836725,0.720409562802771,0.9621202040318297
Hedgehog signaling pathway,Docetaxel,49,-0.06632653061224489,0.6506933174468357,0.9605053886154118
Hedgehog signaling pathway,Cisplatin,49,-0.02071428571428571,0.8876551780906028,0.9744736711156785
Hedgehog signaling pathway,AZD7762,49,-0.01806122448979592,0.9019687169134338,0.9779925494380717
Hedgehog signaling pathway,AZD6738,49,0.014285714285714284,0.9223901797847311,0.9800395660212768
Hedgehog signaling pathway,Talazoparib,49,-0.02724489795918367,0.8525817195563454,0.9707745124543434
Hedgehog signaling pathway,Niraparib,49,-0.21653061224489792,0.13507678269671985,0.9158113520080801
Hedgehog signaling pathway,Olaparib,49,-0.005408163265306122,0.9705806128510163,0.9854089277695735
Hedgehog signaling pathway,Ribociclib,49,-0.017857142857142853,0.9030710955823508,0.9779925494380717
Hedgehog signaling pathway,Trametinib,49,0.23755102040816325,0.10026895231127432,0.9048963474017473
Hedgehog signaling pathway,Erlotinib,49,0.11275510204081632,0.4404847937295707,0.9323688896375848
Hedgehog signaling pathway,Selumetinib,49,0.06183673469387754,0.6729613970287297,0.9606960724676396
AMPK signaling pathway,MK-1775,49,-0.28632653061224483,0.046095274312901696,0.7945052062349137
AMPK signaling pathway,Paclitaxel,49,-0.2061224489795918,0.15534015787015604,0.9158113520080801
AMPK signaling pathway,Gefitinib,49,0.09326530612244896,0.5238675339588198,0.9522796806568614
AMPK signaling pathway,Gemcitabine,49,-0.1580612244897959,0.27805360751706676,0.9323688896375848
AMPK signaling pathway,5-Fluorouracil,49,-0.1677551020408163,0.24925596193400132,0.9323688896375848
AMPK signaling pathway,Palbociclib,49,0.04989795918367347,0.733494316510297,0.9621202040318297
AMPK signaling pathway,Docetaxel,49,-0.18183673469387754,0.2111338792643694,0.9166331273697411
AMPK signaling pathway,Cisplatin,49,-0.07938775510204081,0.5876632401166234,0.9605053886154118
AMPK signaling pathway,AZD7762,49,-0.39163265306122447,0.005389743603927469,0.6566504290784966
AMPK signaling pathway,AZD6738,49,-0.25448979591836735,0.07762732282121558,0.8975802883155288
AMPK signaling pathway,Talazoparib,49,-0.12061224489795919,0.4090820520951203,0.9323688896375848
AMPK signaling pathway,Niraparib,49,0.07275510204081632,0.6193317810229702,0.9605053886154118
AMPK signaling pathway,Olaparib,49,-0.06030612244897959,0.6806178762272093,0.9621202040318297
AMPK signaling pathway,Ribociclib,49,0.1330612244897959,0.36206071897286085,0.9323688896375848
AMPK signaling pathway,Trametinib,49,-0.31224489795918364,0.028945877451653796,0.7945052062349137
AMPK signaling pathway,Erlotinib,49,-0.0486734693877551,0.739801975559163,0.9621202040318297
AMPK signaling pathway,Selumetinib,49,-0.13591836734693877,0.3517509880495888,0.9323688896375848
Viral carcinogenesis,MK-1775,49,-0.035918367346938776,0.8064433573518014,0.9621202040318297
Viral carcinogenesis,Paclitaxel,49,-0.051632653061224484,0.7245882767814482,0.9621202040318297
Viral carcinogenesis,Gefitinib,49,0.14244897959183672,0.32887008178047294,0.9323688896375848
Viral carcinogenesis,Gemcitabine,49,0.3148979591836734,0.027539657243541817,0.7945052062349137
Viral carcinogenesis,5-Fluorouracil,49,0.13979591836734692,0.33805032922142886,0.9323688896375848
Viral carcinogenesis,Palbociclib,49,0.13091836734693876,0.3699119293093418,0.9323688896375848
Viral carcinogenesis,Docetaxel,49,-0.02091836734693877,0.8865555449474118,0.9744736711156785
Viral carcinogenesis,Cisplatin,49,0.15979591836734694,0.2727457764309065,0.9323688896375848
Viral carcinogenesis,AZD7762,49,-0.09642857142857142,0.5098230128781237,0.9443281297715301
Viral carcinogenesis,AZD6738,49,0.046530612244897955,0.7508810056804279,0.9621202040318297
Viral carcinogenesis,Talazoparib,49,0.3533673469387755,0.012751088725095403,0.7945052062349137
Viral carcinogenesis,Niraparib,49,0.2691836734693877,0.061438148045813025,0.8766703776965332
Viral carcinogenesis,Olaparib,49,0.19397959183673466,0.18170310969321607,0.9158113520080801
Viral carcinogenesis,Ribociclib,49,-0.002040816326530612,0.9888962559680105,0.9916092772463863
Viral carcinogenesis,Trametinib,49,-0.07183673469387755,0.6237728517794128,0.9605053886154118
Viral carcinogenesis,Erlotinib,49,0.28153061224489795,0.05003344472983395,0.7950966977719265
Viral carcinogenesis,Selumetinib,49,-0.020510204081632653,0.8887550205302489,0.9744736711156785
Breast cancer,MK-1775,49,0.05642857142857142,0.7001558641524568,0.9621202040318297
Breast cancer,Paclitaxel,49,-0.029489795918367343,0.8405865808904409,0.9682941803248558
Breast cancer,Gefitinib,49,-0.03959183673469387,0.7870877722027299,0.9621202040318297
Breast cancer,Gemcitabine,49,0.07346938775510203,0.6158868750288561,0.9605053886154118
Breast cancer,5-Fluorouracil,49,0.1560204081632653,0.2843846597657702,0.9323688896375848
Breast cancer,Palbociclib,49,-0.1170408163265306,0.4231931502241094,0.9323688896375848
Breast cancer,Docetaxel,49,0.01989795918367347,0.8920557833770958,0.9744736711156785
Breast cancer,Cisplatin,49,-0.029387755102040815,0.8411310595161197,0.9682941803248558
Breast cancer,AZD7762,49,0.13979591836734692,0.33805032922142886,0.9323688896375848
Breast cancer,AZD6738,49,0.10765306122448977,0.4615715876010842,0.9323688896375848
Breast cancer,Talazoparib,49,-0.009693877551020406,0.9472927192503204,0.9843598274253951
Breast cancer,Niraparib,49,0.08316326530612243,0.5699668883692998,0.9605053886154118
Breast cancer,Olaparib,49,0.054897959183673455,0.7079222545024866,0.9621202040318297
Breast cancer,Ribociclib,49,0.011734693877551019,0.9362173599234862,0.9843598274253951
Breast cancer,Trametinib,49,0.02826530612244898,0.847125124052975,0.9706088803804463
Breast cancer,Erlotinib,49,-0.11102040816326529,0.4475936368044189,0.9323688896375848
Breast cancer,Selumetinib,49,0.0910204081632653,0.5339497217317408,0.9522796806568614
Notch signaling pathway,MK-1775,49,-0.1683673469387755,0.24750758024131628,0.9323688896375848
Notch signaling pathway,Paclitaxel,49,0.35183673469387755,0.013171075960799335,0.7945052062349137
Notch signaling pathway,Gefitinib,49,-0.04673469387755102,0.7498236760114362,0.9621202040318297
Notch signaling pathway,Gemcitabine,49,0.10418367346938774,0.47621635052322686,0.9323688896375848
Notch signaling pathway,5-Fluorouracil,49,0.19183673469387755,0.18667016614118184,0.9158113520080801
Notch signaling pathway,Palbociclib,49,0.1608163265306122,0.2696550649578855,0.9323688896375848
Notch signaling pathway,Docetaxel,49,0.20122448979591834,0.1656134335389073,0.9158113520080801
Notch signaling pathway,Cisplatin,49,0.043163265306122446,0.7683909816177775,0.9621202040318297
Notch signaling pathway,AZD7762,49,-0.2820408163265306,0.04960193893686097,0.7950966977719265
Notch signaling pathway,AZD6738,49,-0.10397959183673468,0.47708541011758654,0.9323688896375848
Notch signaling pathway,Talazoparib,49,-0.047346938775510196,0.7466544223759686,0.9621202040318297
Notch signaling pathway,Niraparib,49,0.18255102040816323,0.20931551794996836,0.9166331273697411
Notch signaling pathway,Olaparib,49,0.023673469387755098,0.8717320037956295,0.9744519411513071
Notch signaling pathway,Ribociclib,49,0.19387755102040816,0.1819374625004218,0.9158113520080801
Notch signaling pathway,Trametinib,49,-0.161734693877551,0.2668933812658949,0.9323688896375848
Notch signaling pathway,Erlotinib,49,-0.14316326530612242,0.32642545574993176,0.9323688896375848
Notch signaling pathway,Selumetinib,49,-0.14938775510204083,0.30560774960404147,0.9323688896375848
Glycolysis / Gluconeogenesis,MK-1775,49,0.13734693877551019,0.34666430051386954,0.9323688896375848
Glycolysis / Gluconeogenesis,Paclitaxel,49,0.07346938775510203,0.6158868750288561,0.9605053886154118
Glycolysis / Gluconeogenesis,Gefitinib,49,0.11030612244897958,0.45053904333378725,0.9323688896375848
Glycolysis / Gluconeogenesis,Gemcitabine,49,0.2969387755102041,0.03827482929046099,0.7945052062349137
Glycolysis / Gluconeogenesis,5-Fluorouracil,49,0.2477551020408163,0.08609103234350961,0.8975802883155288
Glycolysis / Gluconeogenesis,Palbociclib,49,0.06918367346938775,0.6366766982115808,0.9605053886154118
Glycolysis / Gluconeogenesis,Docetaxel,49,0.11846938775510203,0.41751592334288967,0.9323688896375848
Glycolysis / Gluconeogenesis,Cisplatin,49,0.151734693877551,0.2979848239192306,0.9323688896375848
Glycolysis / Gluconeogenesis,AZD7762,49,-0.029693877551020407,0.83949784524967,0.9682941803248558
Glycolysis / Gluconeogenesis,AZD6738,49,0.06663265306122448,0.6491856955453683,0.9605053886154118
Glycolysis / Gluconeogenesis,Talazoparib,49,0.17734693877551017,0.22281681510596227,0.9273275876045036
Glycolysis / Gluconeogenesis,Niraparib,49,0.007857142857142856,0.9572690362622425,0.9843598274253951
Glycolysis / Gluconeogenesis,Olaparib,49,0.1324489795918367,0.36429354174468587,0.9323688896375848
Glycolysis / Gluconeogenesis,Ribociclib,49,0.09326530612244896,0.5238675339588198,0.9522796806568614
Glycolysis / Gluconeogenesis,Trametinib,49,-0.04142857142857142,0.7774567185890056,0.9621202040318297
Glycolysis / Gluconeogenesis,Erlotinib,49,0.18153061224489794,0.21191655065046,0.9166331273697411
Glycolysis / Gluconeogenesis,Selumetinib,49,0.11061224489795918,0.44927542755151306,0.9323688896375848
Hippo signaling pathway,MK-1775,49,0.30755102040816323,0.03158023151787739,0.7945052062349137
Hippo signaling pathway,Paclitaxel,49,-0.050306122448979584,0.7313956029570023,0.9621202040318297
Hippo signaling pathway,Gefitinib,49,0.11959183673469387,0.41308588015401715,0.9323688896375848
Hippo signaling pathway,Gemcitabine,49,0.2880612244897959,0.04473459498559972,0.7945052062349137
Hippo signaling pathway,5-Fluorouracil,49,0.19408163265306122,0.1814689736907218,0.9158113520080801
Hippo signaling pathway,Palbociclib,49,0.04408163265306122,0.7636037705935483,0.9621202040318297
Hippo signaling pathway,Docetaxel,49,0.09234693877551019,0.527980619713081,0.9522796806568614
Hippo signaling pathway,Cisplatin,49,-0.03785714285714285,0.7962128220457553,0.9621202040318297
Hippo signaling pathway,AZD7762,49,0.22387755102040813,0.1220107804749679,0.9158113520080801
Hippo signaling pathway,AZD6738,49,0.23959183673469384,0.09729818361168045,0.9048963474017473
Hippo signaling pathway,Talazoparib,49,0.1411224489795918,0.33344047893568296,0.9323688896375848
Hippo signaling pathway,Niraparib,49,0.1010204081632653,0.4897806479081157,0.9323688896375848
Hippo signaling pathway,Olaparib,49,0.0586734693877551,0.688820025647237,0.9621202040318297
Hippo signaling pathway,Ribociclib,49,0.22326530612244896,0.12306164920942514,0.9158113520080801
Hippo signaling pathway,Trametinib,49,0.09132653061224488,0.5325693149111885,0.9522796806568614
Hippo signaling pathway,Erlotinib,49,-0.00836734693877551,0.9544971224182126,0.9843598274253951
Hippo signaling pathway,Selumetinib,49,0.20122448979591834,0.1656134335389073,0.9158113520080801
Base excision repair,MK-1775,49,0.10918367346938775,0.4551889243532322,0.9323688896375848
Base excision repair,Paclitaxel,49,-0.16755102040816325,0.24984060757428433,0.9323688896375848
Base excision repair,Gefitinib,49,0.10489795918367345,0.47318126439221,0.9323688896375848
Base excision repair,Gemcitabine,49,-0.01489795918367347,0.9190748773918306,0.9797021202123788
Base excision repair,5-Fluorouracil,49,-0.20428571428571424,0.15913630524535638,0.9158113520080801
Base excision repair,Palbociclib,49,-0.2246938775510204,0.12062019852669593,0.9158113520080801
Base excision repair,Docetaxel,49,-0.04091836734693877,0.7801287611338564,0.9621202040318297
Base excision repair,Cisplatin,49,-0.10132653061224489,0.4884592435742081,0.9323688896375848
Base excision repair,AZD7762,49,-0.013877551020408161,0.9246011100138916,0.980712553193326
Base excision repair,AZD6738,49,-0.0009183673469387755,0.9950031907108476,0.9950031907108476
Base excision repair,Talazoparib,49,-0.10714285714285714,0.4637098390783039,0.9323688896375848
Base excision repair,Niraparib,49,-0.08346938775510203,0.568542898590928,0.9605053886154118
Base excision repair,Olaparib,49,0.05448979591836734,0.7099983055919936,0.9621202040318297
Base excision repair,Ribociclib,49,-0.08510204081632654,0.5609762197322226,0.9605053886154118
Base excision repair,Trametinib,49,0.07244897959183673,0.6208106550806496,0.9605053886154118
Base excision repair,Erlotinib,49,0.151734693877551,0.2979848239192306,0.9323688896375848
Base excision repair,Selumetinib,49,-0.03397959183673469,0.8167060434618671,0.9644783808895394
Ras signaling pathway,MK-1775,49,0.09051020408163264,0.5362542787680826,0.9522796806568614
Ras signaling pathway,Paclitaxel,49,-0.07938775510204081,0.5876632401166234,0.9605053886154118
Ras signaling pathway,Gefitinib,49,-0.029387755102040815,0.8411310595161197,0.9682941803248558
Ras signaling pathway,Gemcitabine,49,0.0720408163265306,0.6227847955101,0.9605053886154118
Ras signaling pathway,5-Fluorouracil,49,0.04591836734693877,0.754055704860723,0.9621202040318297
Ras signaling pathway,Palbociclib,49,-0.03561224489795918,0.8080616860977516,0.9621202040318297
Ras signaling pathway,Docetaxel,49,0.013061224489795917,0.9290246452206916,0.9813829706016265
Ras signaling pathway,Cisplatin,49,0.08387755102040816,0.566646809656538,0.9605053886154118
Ras signaling pathway,AZD7762,49,0.15551020408163263,0.28598205409279404,0.9323688896375848
Ras signaling pathway,AZD6738,49,0.13020408163265304,0.37255157414815065,0.9323688896375848
Ras signaling pathway,Talazoparib,49,0.08102040816326529,0.579980600025237,0.9605053886154118
Ras signaling pathway,Niraparib,49,-0.03979591836734694,0.7860160687692941,0.9621202040318297
Ras signaling pathway,Olaparib,49,0.11510204081632652,0.4309674535842172,0.9323688896375848
Ras signaling pathway,Ribociclib,49,-0.2664285714285714,0.06424751415527952,0.8766703776965332
Ras signaling pathway,Trametinib,49,0.26153061224489793,0.06949455016292624,0.8945005987034255
Ras signaling pathway,Erlotinib,49,0.03673469387755102,0.8021317503456594,0.9621202040318297
Ras signaling pathway,Selumetinib,49,0.26908163265306123,0.06154041339926841,0.8766703776965332
FoxO signaling pathway,MK-1775,49,0.19265306122448977,0.18476663506886234,0.9158113520080801
FoxO signaling pathway,Paclitaxel,49,-0.013367346938775507,0.927365563621811,0.9810480853944195
FoxO signaling pathway,Gefitinib,49,0.16183673469387755,0.2665876938626573,0.9323688896375848
FoxO signaling pathway,Gemcitabine,49,0.05928571428571428,0.6857400077415795,0.9621202040318297
FoxO signaling pathway,5-Fluorouracil,49,0.13989795918367345,0.33769432575057523,0.9323688896375848
FoxO signaling pathway,Palbociclib,49,-0.04510204081632652,0.758294893401669,0.9621202040318297
FoxO signaling pathway,Docetaxel,49,0.033265306122448976,0.8204948103641533,0.9669803857890183
FoxO signaling pathway,Cisplatin,49,0.07928571428571428,0.5881449137857502,0.9605053886154118
FoxO signaling pathway,AZD7762,49,0.2007142857142857,0.16671134849082567,0.9158113520080801
FoxO signaling pathway,AZD6738,49,0.19602040816326527,0.17706147826997853,0.9158113520080801
FoxO signaling pathway,Talazoparib,49,-0.06683673469387755,0.6481813858343445,0.9605053886154118
FoxO signaling pathway,Niraparib,49,0.11357142857142856,0.43716126136401734,0.9323688896375848
FoxO signaling pathway,Olaparib,49,0.0273469387755102,0.8520357483081231,0.9707745124543434
FoxO signaling pathway,Ribociclib,49,-0.08867346938775508,0.5445905790930886,0.9562805840174761
FoxO signaling pathway,Trametinib,49,0.3360204081632652,0.018249740242580696,0.7945052062349137
FoxO signaling pathway,Erlotinib,49,0.08255102040816324,0.5728197946423561,0.9605053886154118
FoxO signaling pathway,Selumetinib,49,0.2123469387755102,0.1429700230025384,0.9158113520080801
NF-kappa B signaling pathway,MK-1775,49,-0.03642857142857142,0.8037479272364979,0.9621202040318297
NF-kappa B signaling pathway,Paclitaxel,49,-0.251734693877551,0.08100679718876788,0.8975802883155288
NF-kappa B signaling pathway,Gefitinib,49,-0.038979591836734696,0.7903052171070429,0.9621202040318297
NF-kappa B signaling pathway,Gemcitabine,49,-0.15867346938775506,0.2761725409235901,0.9323688896375848
NF-kappa B signaling pathway,5-Fluorouracil,49,-0.3378571428571428,0.01758568321894194,0.7945052062349137
NF-kappa B signaling pathway,Palbociclib,49,-0.10795918367346936,0.4602911992287255,0.9323688896375848
NF-kappa B signaling pathway,Docetaxel,49,-0.16010204081632654,0.27181611102311815,0.9323688896375848
NF-kappa B signaling pathway,Cisplatin,49,-0.14581632653061224,0.3174457718725805,0.9323688896375848
NF-kappa B signaling pathway,AZD7762,49,-0.15,0.3036072034980922,0.9323688896375848
NF-kappa B signaling pathway,AZD6738,49,-0.18357142857142855,0.20673694230095502,0.9166331273697411
NF-kappa B signaling pathway,Talazoparib,49,-0.1610204081632653,0.26903972418286864,0.9323688896375848
NF-kappa B signaling pathway,Niraparib,49,-0.07908163265306122,0.5891087904680494,0.9605053886154118
NF-kappa B signaling pathway,Olaparib,49,-0.17061224489795915,0.24116802839980264,0.9323688896375848
NF-kappa B signaling pathway,Ribociclib,49,-0.16316326530612243,0.2626349688901051,0.9323688896375848
NF-kappa B signaling pathway,Trametinib,49,-0.2841836734693877,0.04782247479389358,0.7945052062349137
NF-kappa B signaling pathway,Erlotinib,49,0.03551020408163265,0.8086013060250387,0.9621202040318297
NF-kappa B signaling pathway,Selumetinib,49,-0.3204081632653061,0.02480064341123055,0.7945052062349137
Oxidative phosphorylation,MK-1775,49,-0.20510204081632652,0.15744082923543432,0.9158113520080801
Oxidative phosphorylation,Paclitaxel,49,-0.11357142857142856,0.43716126136401734,0.9323688896375848
Oxidative phosphorylation,Gefitinib,49,0.12010204081632651,0.41108116564963015,0.9323688896375848
Oxidative phosphorylation,Gemcitabine,49,0.06214285714285714,0.671433999428831,0.9605053886154118
Oxidative phosphorylation,5-Fluorouracil,49,0.05193877551020408,0.7230203208919215,0.9621202040318297
Oxidative phosphorylation,Palbociclib,49,0.21367346938775508,0.1404310801132494,0.9158113520080801
Oxidative phosphorylation,Docetaxel,49,0.05744897959183673,0.6949950173364751,0.9621202040318297
Oxidative phosphorylation,Cisplatin,49,-0.005714285714285713,0.9689161581635866,0.9854089277695735
Oxidative phosphorylation,AZD7762,49,-0.2441836734693877,0.09086312084179088,0.8975802883155288
Oxidative phosphorylation,AZD6738,49,-0.12551020408163266,0.3901771939079699,0.9323688896375848
Oxidative phosphorylation,Talazoparib,49,0.061326530612244884,0.6755099606680803,0.9606960724676396
Oxidative phosphorylation,Niraparib,49,0.07948979591836733,0.5871817431159307,0.9605053886154118
Oxidative phosphorylation,Olaparib,49,0.1361224489795918,0.351021531557555,0.9323688896375848
Oxidative phosphorylation,Ribociclib,49,0.11132653061224489,0.44633456971481267,0.9323688896375848
Oxidative phosphorylation,Trametinib,49,-0.13193877551020408,0.36616057469328755,0.9323688896375848
Oxidative phosphorylation,Erlotinib,49,0.11989795918367346,0.4118823798321448,0.9323688896375848
Oxidative phosphorylation,Selumetinib,49,-0.014591836734693876,0.9207323619506214,0.9797021202123788
Focal adhesion,MK-1775,49,0.3575510204081633,0.011661151316995723,0.7945052062349137
Focal adhesion,Paclitaxel,49,0.23775510204081632,0.0999687640962691,0.9048963474017473
Focal adhesion,Gefitinib,49,-0.15632653061224488,0.28342903319574725,0.9323688896375848
Focal adhesion,Gemcitabine,49,0.22999999999999995,0.11187225467565376,0.9158113520080801
Focal adhesion,5-Fluorouracil,49,0.10755102040816325,0.46199881107906304,0.9323688896375848
Focal adhesion,Palbociclib,49,0.12142857142857141,0.40589514214942146,0.9323688896375848
Focal adhesion,Docetaxel,49,0.31622448979591833,0.02685821364465323,0.7945052062349137
Focal adhesion,Cisplatin,49,0.11928571428571427,0.41429139361828626,0.9323688896375848
Focal adhesion,AZD7762,49,0.39357142857142846,0.00514568768195702,0.6566504290784966
Focal adhesion,AZD6738,49,0.26510204081632655,0.06563628911206973,0.8766703776965332
Focal adhesion,Talazoparib,49,0.2561224489795918,0.07567772596131755,0.8975802883155288
Focal adhesion,Niraparib,49,0.09989795918367346,0.49464167913862733,0.9343231717062961
Focal adhesion,Olaparib,49,0.33,0.020577213902534863,0.7945052062349137
Focal adhesion,Ribociclib,49,0.09142857142857141,0.5321095680402108,0.9522796806568614
Focal adhesion,Trametinib,49,0.2951020408163265,0.03954424218833729,0.7945052062349137
Focal adhesion,Erlotinib,49,0.06999999999999999,0.6326946786944219,0.9605053886154118
Focal adhesion,Selumetinib,49,0.2697959183673469,0.06082741162915226,0.8766703776965332
Transcriptional misregulation in cancer,MK-1775,49,-0.07346938775510203,0.6158868750288561,0.9605053886154118
Transcriptional misregulation in cancer,Paclitaxel,49,-0.24499999999999994,0.08975461498561638,0.8975802883155288
Transcriptional misregulation in cancer,Gefitinib,49,0.15316326530612243,0.2934055021593189,0.9323688896375848
Transcriptional misregulation in cancer,Gemcitabine,49,0.04326530612244898,0.7678586433564611,0.9621202040318297
Transcriptional misregulation in cancer,5-Fluorouracil,49,-0.22918367346938773,0.11318561943126097,0.9158113520080801
Transcriptional misregulation in cancer,Palbociclib,49,-0.027551020408163266,0.8509440118775948,0.9707745124543434
Transcriptional misregulation in cancer,Docetaxel,49,-0.026224489795918363,0.8580451508115967,0.9724511709198096
Transcriptional misregulation in cancer,Cisplatin,49,-0.11081632653061223,0.4484340989681216,0.9323688896375848
Transcriptional misregulation in cancer,AZD7762,49,-0.18989795918367341,0.19124714270168836,0.9159020465389225
Transcriptional misregulation in cancer,AZD6738,49,-0.02336734693877551,0.8733770077227427,0.9744519411513071
Transcriptional misregulation in cancer,Talazoparib,49,0.04612244897959183,0.7529970219084912,0.9621202040318297
Transcriptional misregulation in cancer,Niraparib,49,-0.16377551020408163,0.2608239111263136,0.9323688896375848
Transcriptional misregulation in cancer,Olaparib,49,0.052755102040816314,0.7188446185116932,0.9621202040318297
Transcriptional misregulation in cancer,Ribociclib,49,-0.21938775510204078,0.12987661301685874,0.9158113520080801
Transcriptional misregulation in cancer,Trametinib,49,0.036326530612244896,0.804286833699074,0.9621202040318297
Transcriptional misregulation in cancer,Erlotinib,49,0.20816326530612245,0.15120070858533766,0.9158113520080801
Transcriptional misregulation in cancer,Selumetinib,49,0.0014285714285714284,0.9922272553541449,0.9935864707724383
Mismatch repair,MK-1775,49,-0.009591836734693876,0.947846763369648,0.9843598274253951
Mismatch repair,Paclitaxel,49,0.019693877551020405,0.8931564427462443,0.9744736711156785
Mismatch repair,Gefitinib,49,-0.10142857142857141,0.4880191891464588,0.9323688896375848
Mismatch repair,Gemcitabine,49,0.06408163265306122,0.6617911709685911,0.9605053886154118
Mismatch repair,5-Fluorouracil,49,0.0510204081632653,0.7277275385246994,0.9621202040318297
Mismatch repair,Palbociclib,49,-0.05612244897959183,0.701706747061227,0.9621202040318297
Mismatch repair,Docetaxel,49,-0.17418367346938776,0.231312087235799,0.9323688896375848
Mismatch repair,Cisplatin,49,0.04153061224489796,0.776922614516843,0.9621202040318297
Mismatch repair,AZD7762,49,-0.09397959183673468,0.5206794971744251,0.9522796806568614
Mismatch repair,AZD6738,49,-0.1279591836734694,0.38092084046259556,0.9323688896375848
Mismatch repair,Talazoparib,49,0.1133673469387755,0.4379908320578626,0.9323688896375848
Mismatch repair,Niraparib,49,0.06153061224489796,0.6744901012679931,0.9606960724676396
Mismatch repair,Olaparib,49,-0.009489795918367346,0.9484008318941588,0.9843598274253951
Mismatch repair,Ribociclib,49,0.042142857142857135,0.7737201406358614,0.9621202040318297
Mismatch repair,Trametinib,49,-0.08469387755102038,0.5628634603384526,0.9605053886154118
Mismatch repair,Erlotinib,49,-0.11530612244897957,0.4301453512882609,0.9323688896375848
Mismatch repair,Selumetinib,49,-0.0563265306122449,0.7006726910758645,0.9621202040318297
Small cell lung cancer,MK-1775,49,0.1443877551020408,0.32226132826091836,0.9323688896375848
Small cell lung cancer,Paclitaxel,49,0.18265306122448977,0.20905665081751337,0.9166331273697411
Small cell lung cancer,Gefitinib,49,-0.11285714285714284,0.4400685871276344,0.9323688896375848
Small cell lung cancer,Gemcitabine,49,0.2948979591836734,0.039687397690391285,0.7945052062349137
Small cell lung cancer,5-Fluorouracil,49,0.12530612244897957,0.39095448073335604,0.9323688896375848
Small cell lung cancer,Palbociclib,49,0.10877551020408163,0.45688624955003876,0.9323688896375848
Small cell lung cancer,Docetaxel,49,0.15193877551020407,0.2973278219880991,0.9323688896375848
Small cell lung cancer,Cisplatin,49,0.0680612244897959,0.6421685803669201,0.9605053886154118
Small cell lung cancer,AZD7762,49,0.11459183673469386,0.4330265629077048,0.9323688896375848
Small cell lung cancer,AZD6738,49,0.10142857142857141,0.4880191891464588,0.9323688896375848
Small cell lung cancer,Talazoparib,49,0.22520408163265304,0.11975720032838155,0.9158113520080801
Small cell lung cancer,Niraparib,49,-0.06051020408163265,0.6795951493526698,0.9621202040318297
Small cell lung cancer,Olaparib,49,0.10040816326530612,0.49242903085576994,0.9343231717062961
Small cell lung cancer,Ribociclib,49,-0.006938775510204081,0.9622597196912355,0.9843598274253951
Small cell lung cancer,Trametinib,49,0.22265306122448977,0.12411934321591053,0.9158113520080801
Small cell lung cancer,Erlotinib,49,-0.03653061224489795,0.8032091110312127,0.9621202040318297
Small cell lung cancer,Selumetinib,49,0.1514285714285714,0.29897208512810125,0.9323688896375848
VEGF signaling pathway,MK-1775,49,0.2396938775510204,0.09715145229790338,0.9048963474017473
VEGF signaling pathway,Paclitaxel,49,0.18683673469387752,0.19863568635007803,0.9166331273697411
VEGF signaling pathway,Gefitinib,49,0.02214285714285714,0.8799622545452193,0.9744736711156785
VEGF signaling pathway,Gemcitabine,49,0.05285714285714285,0.7183232234711859,0.9621202040318297
VEGF signaling pathway,5-Fluorouracil,49,0.07448979591836734,0.6109797676119699,0.9605053886154118
VEGF signaling pathway,Palbociclib,49,-0.12040816326530611,0.4098810248399586,0.9323688896375848
VEGF signaling pathway,Docetaxel,49,0.28459183673469385,0.04748948830846395,0.7945052062349137
VEGF signaling pathway,Cisplatin,49,-0.019693877551020405,0.8931564427462443,0.9744736711156785
VEGF signaling pathway,AZD7762,49,0.1854081632653061,0.20215190096423594,0.9166331273697411
VEGF signaling pathway,AZD6738,49,0.056836734693877546,0.6980899018098924,0.9621202040318297
VEGF signaling pathway,Talazoparib,49,-0.05653061224489796,0.6996391715547898,0.9621202040318297
VEGF signaling pathway,Niraparib,49,-0.17887755102040812,0.21878475842827289,0.9273275876045036
VEGF signaling pathway,Olaparib,49,0.09989795918367346,0.49464167913862733,0.9343231717062961
VEGF signaling pathway,Ribociclib,49,-0.06816326530612245,0.6416685294430257,0.9605053886154118
VEGF signaling pathway,Trametinib,49,0.24693877551020407,0.08716413493376979,0.8975802883155288
VEGF signaling pathway,Erlotinib,49,-0.11051020408163266,0.4496964165180789,0.9323688896375848
VEGF signaling pathway,Selumetinib,49,0.36265306122448976,0.010441025631946606,0.7945052062349137
Non-small cell lung cancer,MK-1775,49,-0.10183673469387754,0.48626104292648387,0.9323688896375848
Non-small cell lung cancer,Paclitaxel,49,0.12081632653061222,0.40828397690287555,0.9323688896375848
Non-small cell lung cancer,Gefitinib,49,0.12163265306122449,0.40510066265574607,0.9323688896375848
Non-small cell lung cancer,Gemcitabine,49,0.07010204081632652,0.6321976468909178,0.9605053886154118
Non-small cell lung cancer,5-Fluorouracil,49,0.06918367346938775,0.6366766982115808,0.9605053886154118
Non-small cell lung cancer,Palbociclib,49,0.1496938775510204,0.30460642157531703,0.9323688896375848
Non-small cell lung cancer,Docetaxel,49,0.06377551020408163,0.6633101685654417,0.9605053886154118
Non-small cell lung cancer,Cisplatin,49,0.2527551020408163,0.07974191665341471,0.8975802883155288
Non-small cell lung cancer,AZD7762,49,0.047244897959183664,0.7471823450710908,0.9621202040318297
Non-small cell lung cancer,AZD6738,49,-0.09193877551020407,0.5298137554351482,0.9522796806568614
Non-small cell lung cancer,Talazoparib,49,0.18918367346938775,0.19295337232146928,0.9159020465389225
Non-small cell lung cancer,Niraparib,49,0.08459183673469386,0.5633357332682176,0.9605053886154118
Non-small cell lung cancer,Olaparib,49,0.0773469387755102,0.5973300594053783,0.9605053886154118
Non-small cell lung cancer,Ribociclib,49,0.22551020408163264,0.11924165241031257,0.9158113520080801
Non-small cell lung cancer,Trametinib,49,-0.06265306122448978,0.6688912550471173,0.9605053886154118
Non-small cell lung cancer,Erlotinib,49,0.08030612244897958,0.5833361469330801,0.9605053886154118
Non-small cell lung cancer,Selumetinib,49,0.1220408163265306,0.4035144050331121,0.9323688896375848
Chemokine signaling pathway,MK-1775,49,0.1844897959183673,0.20443537430615674,0.9166331273697411
Chemokine signaling pathway,Paclitaxel,49,-0.018775510204081632,0.8981118452304896,0.977307365566068
Chemokine signaling pathway,Gefitinib,49,-0.1364285714285714,0.3499290878774344,0.9323688896375848
Chemokine signaling pathway,Gemcitabine,49,0.01030612244897959,0.9439689815216827,0.9843598274253951
Chemokine signaling pathway,5-Fluorouracil,49,-0.12244897959183673,0.40193175276530113,0.9323688896375848
Chemokine signaling pathway,Palbociclib,49,-0.05826530612244897,0.6908761515175966,0.9621202040318297
Chemokine signaling pathway,Docetaxel,49,0.06714285714285713,0.6466760824202926,0.9605053886154118
Chemokine signaling pathway,Cisplatin,49,0.03081632653061224,0.8335151628331343,0.9671421968746369
Chemokine signaling pathway,AZD7762,49,0.21367346938775508,0.1404310801132494,0.9158113520080801
Chemokine signaling pathway,AZD6738,49,0.10653061224489795,0.4662827721821923,0.9323688896375848
Chemokine signaling pathway,Talazoparib,49,0.18316326530612242,0.20776568160542988,0.9166331273697411
Chemokine signaling pathway,Niraparib,49,-0.18275510204081633,0.20879800819630076,0.9166331273697411
Chemokine signaling pathway,Olaparib,49,0.15448979591836734,0.289194410022965,0.9323688896375848
Chemokine signaling pathway,Ribociclib,49,0.056020408163265305,0.7022239757034126,0.9621202040318297
Chemokine signaling pathway,Trametinib,49,0.16744897959183672,0.2501332777517476,0.9323688896375848
Chemokine signaling pathway,Erlotinib,49,-0.05622448979591836,0.7011896521153875,0.9621202040318297
Chemokine signaling pathway,Selumetinib,49,0.1947959183673469,0.17983608565499914,0.9158113520080801
JAK-STAT signaling pathway,MK-1775,49,0.18234693877551017,0.20983392599097597,0.9166331273697411
JAK-STAT signaling pathway,Paclitaxel,49,0.00826530612244898,0.9550514636236471,0.9843598274253951
JAK-STAT signaling pathway,Gefitinib,49,-0.22153061224489795,0.12607625341707168,0.9158113520080801
JAK-STAT signaling pathway,Gemcitabine,49,0.06775510204081632,0.6436696745700319,0.9605053886154118
JAK-STAT signaling pathway,5-Fluorouracil,49,0.06214285714285714,0.671433999428831,0.9605053886154118
JAK-STAT signaling pathway,Palbociclib,49,-0.05142857142857143,0.7256342025222136,0.9621202040318297
JAK-STAT signaling pathway,Docetaxel,49,-0.020102040816326525,0.8909553251996811,0.9744736711156785
JAK-STAT signaling pathway,Cisplatin,49,0.13459183673469385,0.35651506935998867,0.9323688896375848
JAK-STAT signaling pathway,AZD7762,49,0.3396938775510204,0.016942232592138118,0.7945052062349137
JAK-STAT signaling pathway,AZD6738,49,0.21428571428571427,0.13927064253553523,0.9158113520080801
JAK-STAT signaling pathway,Talazoparib,49,0.19224489795918365,0.18571665576626892,0.9158113520080801
JAK-STAT signaling pathway,Niraparib,49,-0.04357142857142856,0.7662622651667108,0.9621202040318297
JAK-STAT signaling pathway,Olaparib,49,0.13142857142857142,0.3680333723430729,0.9323688896375848
JAK-STAT signaling pathway,Ribociclib,49,-0.13857142857142854,0.3423405499735799,0.9323688896375848
JAK-STAT signaling pathway,Trametinib,49,0.3133673469387755,0.028343807363784987,0.7945052062349137
JAK-STAT signaling pathway,Erlotinib,49,-0.12367346938775509,0.3972054696554118,0.9323688896375848
JAK-STAT signaling pathway,Selumetinib,49,0.24908163265306119,0.08436929824566025,0.8975802883155288
MAPK signaling pathway,MK-1775,49,0.16255102040816324,0.2644544099270607,0.9323688896375848
MAPK signaling pathway,Paclitaxel,49,0.30418367346938774,0.03359018756431493,0.7945052062349137
MAPK signaling pathway,Gefitinib,49,0.20020408163265305,0.1678145479484141,0.9158113520080801
MAPK signaling pathway,Gemcitabine,49,0.16214285714285712,0.26567203067363315,0.9323688896375848
MAPK signaling pathway,5-Fluorouracil,49,0.1270408163265306,0.3843765720950666,0.9323688896375848
MAPK signaling pathway,Palbociclib,49,0.10183673469387754,0.48626104292648387,0.9323688896375848
MAPK signaling pathway,Docetaxel,49,0.40377551020408164,0.004013882463570197,0.6566504290784966
MAPK signaling pathway,Cisplatin,49,0.19367346938775507,0.18240681883933468,0.9158113520080801
MAPK signaling pathway,AZD7762,49,0.1496938775510204,0.30460642157531703,0.9323688896375848
MAPK signaling pathway,AZD6738,49,0.17622448979591834,0.2258061704426835,0.9273275876045036
MAPK signaling pathway,Talazoparib,49,0.12489795918367347,0.39251178175370305,0.9323688896375848
MAPK signaling pathway,Niraparib,49,0.0136734693877551,0.9257067875559438,0.980712553193326
MAPK signaling pathway,Olaparib,49,0.1543877551020408,0.289516934153821,0.9323688896375848
MAPK signaling pathway,Ribociclib,49,-0.019999999999999997,0.8915055290126577,0.9744736711156785
MAPK signaling pathway,Trametinib,49,0.03551020408163265,0.8086013060250387,0.9621202040318297
MAPK signaling pathway,Erlotinib,49,0.17255102040816322,0.23578274289461493,0.9323688896375848
MAPK signaling pathway,Selumetinib,49,0.09316326530612244,0.5243237570699694,0.9522796806568614
Wnt signaling pathway,MK-1775,49,0.08295918367346938,0.570917128291473,0.9605053886154118
Wnt signaling pathway,Paclitaxel,49,0.05622448979591836,0.7011896521153875,0.9621202040318297
Wnt signaling pathway,Gefitinib,49,-0.09346938775510204,0.5229556790312382,0.9522796806568614
Wnt signaling pathway,Gemcitabine,49,0.04469387755102041,0.7604171363243988,0.9621202040318297
Wnt signaling pathway,5-Fluorouracil,49,-0.01693877551020408,0.9080340082398036,0.9790160177334756
Wnt signaling pathway,Palbociclib,49,-0.13418367346938775,0.35798881896976364,0.9323688896375848
Wnt signaling pathway,Docetaxel,49,0.034591836734693876,0.8134618214273782,0.9637610882713348
Wnt signaling pathway,Cisplatin,49,0.05193877551020408,0.7230203208919215,0.9621202040318297
Wnt signaling pathway,AZD7762,49,-0.0070408163265306125,0.9617051251672681,0.9843598274253951
Wnt signaling pathway,AZD6738,49,0.030306122448979587,0.8362334288912917,0.9682941803248558
Wnt signaling pathway,Talazoparib,49,0.012142857142857141,0.9340036537475165,0.9837992375928452
Wnt signaling pathway,Niraparib,49,0.00857142857142857,0.9533885041653903,0.9843598274253951
Wnt signaling pathway,Olaparib,49,-0.0436734693877551,0.7657303520665717,0.9621202040318297
Wnt signaling pathway,Ribociclib,49,-0.04112244897959182,0.7790596406087476,0.9621202040318297
Wnt signaling pathway,Trametinib,49,-0.1560204081632653,0.2843846597657702,0.9323688896375848
Wnt signaling pathway,Erlotinib,49,-0.062244897959183663,0.6709251581924507,0.9605053886154118
Wnt signaling pathway,Selumetinib,49,-0.10193877551020408,0.48582202481776837,0.9323688896375848
Antigen processing and presentation,MK-1775,49,-0.09724489795918365,0.5062298380406256,0.9440153357339218
Antigen processing and presentation,Paclitaxel,49,-0.22336734693877547,0.12288603107803513,0.9158113520080801
Antigen processing and presentation,Gefitinib,49,0.21295918367346936,0.14179400062707798,0.9158113520080801
Antigen processing and presentation,Gemcitabine,49,-0.10489795918367345,0.47318126439221,0.9323688896375848
Antigen processing and presentation,5-Fluorouracil,49,-0.12653061224489795,0.38630441503872304,0.9323688896375848
Antigen processing and presentation,Palbociclib,49,0.03959183673469387,0.7870877722027299,0.9621202040318297
Antigen processing and presentation,Docetaxel,49,-0.21112244897959181,0.1453437706494435,0.9158113520080801
Antigen processing and presentation,Cisplatin,49,0.023877551020408165,0.8706356322440706,0.9744519411513071
Antigen processing and presentation,AZD7762,49,-0.11551020408163264,0.4293241308011915,0.9323688896375848
Antigen processing and presentation,AZD6738,49,0.00683673469387755,0.9628143318866723,0.9843598274253951
Antigen processing and presentation,Talazoparib,49,0.07010204081632652,0.6321976468909178,0.9605053886154118
Antigen processing and presentation,Niraparib,49,0.04183673469387754,0.7753209153531406,0.9621202040318297
Antigen processing and presentation,Olaparib,49,-0.07887755102040815,0.5900733718381393,0.9605053886154118
Antigen processing and presentation,Ribociclib,49,-0.14857142857142855,0.30828827240284257,0.9323688896375848
Antigen processing and presentation,Trametinib,49,-0.08816326530612244,0.5469172234642287,0.9562805840174761
Antigen processing and presentation,Erlotinib,49,0.12265306122448977,0.4011417799505296,0.9323688896375848
Antigen processing and presentation,Selumetinib,49,-0.09632653061224489,0.5102730660188158,0.9443281297715301
TNF signaling pathway,MK-1775,49,0.3639795918367347,0.01014240943405762,0.7945052062349137
TNF signaling pathway,Paclitaxel,49,0.14428571428571427,0.32260705213615604,0.9323688896375848
TNF signaling pathway,Gefitinib,49,0.06346938775510204,0.6648305067034976,0.9605053886154118
TNF signaling pathway,Gemcitabine,49,0.3379591836734694,0.01754940005633443,0.7945052062349137
TNF signaling pathway,5-Fluorouracil,49,0.31632653061224486,0.026806383594397114,0.7945052062349137
TNF signaling pathway,Palbociclib,49,0.07081632653061223,0.6287229357703875,0.9605053886154118
TNF signaling pathway,Docetaxel,49,0.2765306122448979,0.05442538929487102,0.8464885015861854
TNF signaling pathway,Cisplatin,49,0.301734693877551,0.03511752576473102,0.7945052062349137
TNF signaling pathway,AZD7762,49,0.4373469387755102,0.001676239188611964,0.6566504290784966
TNF signaling pathway,AZD6738,49,0.4163265306122449,0.002925825361113859,0.6566504290784966
TNF signaling pathway,Talazoparib,49,0.3276530612244898,0.02155000848581173,0.7945052062349137
TNF signaling pathway,Niraparib,49,0.15489795918367347,0.28790665646857005,0.9323688896375848
TNF signaling pathway,Olaparib,49,0.14510204081632655,0.31984781439325805,0.9323688896375848
TNF signaling pathway,Ribociclib,49,0.003877551020408163,0.9789046061966069,0.9881973232016997
TNF signaling pathway,Trametinib,49,0.23806122448979591,0.09951978257651467,0.9048963474017473
TNF signaling pathway,Erlotinib,49,0.18397959183673468,0.2057117863235415,0.9166331273697411
TNF signaling pathway,Selumetinib,49,0.12693877551020408,0.384761684354908,0.9323688896375848
Proteoglycans in cancer,MK-1775,49,0.40295918367346933,0.004095599279966792,0.6566504290784966
Proteoglycans in cancer,Paclitaxel,49,0.06540816326530612,0.6552244676524662,0.9605053886154118
Proteoglycans in cancer,Gefitinib,49,-0.06377551020408163,0.6633101685654417,0.9605053886154118
Proteoglycans in cancer,Gemcitabine,49,0.02204081632653061,0.880511394198048,0.9744736711156785
Proteoglycans in cancer,5-Fluorouracil,49,-0.04469387755102041,0.7604171363243988,0.9621202040318297
Proteoglycans in cancer,Palbociclib,49,-0.06775510204081632,0.6436696745700319,0.9605053886154118
Proteoglycans in cancer,Docetaxel,49,0.07816326530612244,0.5934549368429649,0.9605053886154118
Proteoglycans in cancer,Cisplatin,49,-0.014591836734693876,0.9207323619506214,0.9797021202123788
Proteoglycans in cancer,AZD7762,49,0.3189795918367347,0.02548784449696589,0.7945052062349137
Proteoglycans in cancer,AZD6738,49,0.2281632653061224,0.11484381642263727,0.9158113520080801
Proteoglycans in cancer,Talazoparib,49,0.14520408163265305,0.31950396303579964,0.9323688896375848
Proteoglycans in cancer,Niraparib,49,-0.10979591836734691,0.45264939113269476,0.9323688896375848
Proteoglycans in cancer,Olaparib,49,-0.07153061224489796,0.6252561646885055,0.9605053886154118
Proteoglycans in cancer,Ribociclib,49,0.032448979591836735,0.8248297935252968,0.9669803857890183
Proteoglycans in cancer,Trametinib,49,0.12816326530612243,0.3801554149987917,0.9323688896375848
Proteoglycans in cancer,Erlotinib,49,-0.13857142857142854,0.3423405499735799,0.9323688896375848
Proteoglycans in cancer,Selumetinib,49,0.11653061224489794,0.42523127826835716,0.9323688896375848
