pathway,n_genes,n_edges,mean_hi,mean_lo,d,cohen_d,d_ci_lo,d_ci_hi,mw_p,perm_p,perm_q,n_null_edge_sets,null_median_abs_d,null_pct,n_null_block_sets,block_null_median_abs_d,block_null_pct
Cell cycle,124,15252,0.008062259294092655,0.00806430634111166,-2.0470470190048218e-06,-1.0459942955654216,-1.2270274426392922,-0.8649611484915509,1.4785180274352882e-31,0.000999000999000999,0.0010182125566740952,0,,,200,0.3327194591622794,0.4975124378109453
p53 signaling pathway,49,2352,0.02038925141096115,0.020403465256094933,-1.4213845133781433e-05,-0.6603254824752678,-0.8346856369046929,-0.4859653280458427,8.314289663692602e-21,0.000999000999000999,0.0010182125566740952,200,0.1185159454716512,0.004975124378109453,200,0.09342668876372627,0.01990049751243781
Cellular senescence,110,11990,0.009087836369872093,0.00909060426056385,-2.767890691757202e-06,-0.9586643713130224,-1.1379465604632704,-0.7793821821627744,2.5574945399395194e-34,0.000999000999000999,0.0010182125566740952,0,,,200,0.13906053011784542,0.14925373134328357
Apoptosis,96,9120,0.010411958210170269,0.0104161836206913,-4.225410521030426e-06,-1.077559575557472,-1.2592586727549828,-0.8958604783599612,5.588972860901272e-36,0.000999000999000999,0.0010182125566740952,38,0.09351073885981452,0.02564102564102564,200,0.1299565609460754,0.16417910447761194
Necroptosis,96,9120,0.010412594303488731,0.010416371747851372,-3.777444362640381e-06,-1.0144803601789965,-1.1948660455626834,-0.8340946747953095,1.0473612180140166e-31,0.000999000999000999,0.0010182125566740952,40,0.076569311959101,0.024390243902439025,200,0.12085411361554481,0.24875621890547264
Ferroptosis,33,1056,0.03025732934474945,0.03029591217637062,-3.8582831621170044e-05,-0.9244642690100854,-1.1030980009639364,-0.7458305370562345,3.76899223067455e-29,0.000999000999000999,0.0010182125566740952,200,0.09397148744161438,0.004975124378109453,200,0.11367054666385412,0.04477611940298507
Autophagy,89,7832,0.011231101118028164,0.011235478334128857,-4.377216100692749e-06,-0.9231388051796297,-1.1017478330890642,-0.744529777270195,1.6872201017101295e-37,0.000999000999000999,0.0010182125566740952,200,0.07790986281691932,0.004975124378109453,200,0.1035781351449876,0.0845771144278607
Mitophagy,33,1056,0.03027745708823204,0.030300136655569077,-2.2679567337036133e-05,-0.736160608842244,-0.9116117717146424,-0.5607094459698456,1.9290783569405161e-19,0.000999000999000999,0.0010182125566740952,200,0.10023547693507938,0.004975124378109453,200,0.10959214000028257,0.09950248756218906
MAPK signaling pathway,210,43890,0.004760985262691975,0.004761818330734968,-8.330680429935455e-07,-1.0511815255854768,-1.23232291754115,-0.8700401336298036,6.243052652769221e-27,0.000999000999000999,0.0010182125566740952,0,,,200,1.0511815255854768,1.0
Ras signaling pathway,81,6480,0.01233998965471983,0.012345329858362675,-5.340203642845154e-06,-1.0335501549109825,-1.2143255457102868,-0.8527747641116781,6.204270545502005e-34,0.000999000999000999,0.0010182125566740952,200,0.09624609458948931,0.004975124378109453,200,0.10033102170532211,0.05970149253731343
Rap1 signaling pathway,84,6972,0.011897273361682892,0.011903876438736916,-6.603077054023743e-06,-1.124356624124128,-1.307074723998174,-0.9416385242500821,2.353646636223464e-37,0.000999000999000999,0.0010182125566740952,200,0.0890148560039656,0.004975124378109453,200,0.09404949011622818,0.07462686567164178
ErbB signaling pathway,11,110,0.09068996459245682,0.09088178724050522,-0.00019182264804840088,-0.6842968298299972,-0.8589897634890604,-0.5096038961709339,1.744058298448271e-12,0.000999000999000999,0.0010182125566740952,0,,,200,0.09456727760850926,0.029850746268656716
mTOR signaling pathway,86,7310,0.011622723191976547,0.011627361178398132,-4.637986421585083e-06,-1.0150938379392482,-1.195491960209028,-0.8346957156694687,1.1912029388018404e-30,0.000999000999000999,0.0010182125566740952,200,0.09618158204450257,0.004975124378109453,200,0.09840419982114425,0.12437810945273632
AMPK signaling pathway,74,5402,0.013504506088793278,0.01351279579102993,-8.289702236652374e-06,-1.084487110388913,-1.2663346775354782,-0.902639543242348,1.3403606558266436e-36,0.000999000999000999,0.0010182125566740952,200,0.1177461564655812,0.004975124378109453,200,0.10402173083275104,0.05472636815920398
FoxO signaling pathway,28,756,0.03566259518265724,0.03570741042494774,-4.4815242290496826e-05,-0.907431360478948,-1.0857500753427112,-0.7291126456151847,1.396681815640953e-18,0.000999000999000999,0.0010182125566740952,200,0.10430946366473484,0.004975124378109453,200,0.10071015977124212,0.029850746268656716
Hippo signaling pathway,71,4970,0.014077636413276196,0.014083866029977798,-6.229616701602936e-06,-0.9784465565964672,-1.1581134711124619,-0.7987796420804725,6.278806878498063e-26,0.000999000999000999,0.0010182125566740952,200,0.0994246507081962,0.004975124378109453,200,0.09470585281554095,0.03980099502487562
Wnt signaling pathway,64,4032,0.01561578456312418,0.015623624436557293,-7.839873433113098e-06,-0.904576163402229,-1.0828425919816995,-0.7263097348227585,1.7681980815900686e-21,0.000999000999000999,0.0010182125566740952,200,0.09657234210191801,0.004975124378109453,200,0.10187191315220846,0.08955223880597014
Notch signaling pathway,43,1806,0.02323293313384056,0.023254405707120895,-2.1472573280334473e-05,-1.0853798282696536,-1.2672465883721187,-0.9035130681671886,2.2785452521492665e-27,0.000999000999000999,0.0010182125566740952,200,0.09939938212549236,0.004975124378109453,200,0.09492948603751392,0.05472636815920398
Hedgehog signaling pathway,35,1190,0.028540948405861855,0.028569519519805908,-2.857111394405365e-05,-1.0150434095068965,-1.1954405092020135,-0.8346463098117795,4.0747343257603203e-25,0.000999000999000999,0.0010182125566740952,200,0.0909388458468259,0.004975124378109453,200,0.12647511390942331,0.03980099502487562
JAK-STAT signaling pathway,91,8190,0.010984637774527073,0.010988377034664154,-3.7392601370811462e-06,-0.8804557736372663,-1.0582864729018349,-0.7026250743726978,5.960688682210923e-21,0.000999000999000999,0.0010182125566740952,200,0.10079079717806175,0.004975124378109453,200,0.10139553941745477,0.11940298507462686
TGF-beta signaling pathway,39,1482,0.025617461651563644,0.02563791535794735,-2.045370638370514e-05,-0.8735962174799615,-1.0513049600542943,-0.6958874749056287,3.0719420562809906e-20,0.000999000999000999,0.0010182125566740952,200,0.08017138356679931,0.004975124378109453,200,0.08998164442442741,0.03980099502487562
NF-kappa B signaling pathway,46,2070,0.02172216959297657,0.021735984832048416,-1.3815239071846008e-05,-0.8094045381605073,-0.9860144673343401,-0.6327946089866745,1.5163210234507403e-17,0.000999000999000999,0.0010182125566740952,200,0.0958628235416013,0.004975124378109453,200,0.10205841289480118,0.04477611940298507
TNF signaling pathway,22,462,0.04537877067923546,0.045443907380104065,-6.513670086860657e-05,-0.7637405001961689,-0.9396159884587942,-0.5878650119335436,9.411825927796056e-15,0.000999000999000999,0.0010182125566740952,200,0.1089023047985219,0.004975124378109453,200,0.12174631438432458,0.014925373134328358
VEGF signaling pathway,5,20,0.19884800910949707,0.19978199899196625,-0.0009339898824691772,-0.5412610534087384,-0.714136408058548,-0.36838569875892885,2.4469108792161777e-07,0.000999000999000999,0.0010182125566740952,0,,,200,0.11332922259741524,0.03482587064676617
HIF-1 signaling pathway,33,1056,0.030264388769865036,0.030295515432953835,-3.112666308879852e-05,-0.7726315485206112,-0.9486469298875857,-0.5966161671536367,5.166653314397196e-16,0.000999000999000999,0.0010182125566740952,200,0.11574699880481733,0.004975124378109453,200,0.09743782815891937,0.0845771144278607
PD-L1 expression and PD-1 checkpoint pathway in cancer,17,272,0.05873055011034012,0.05880482494831085,-7.427483797073364e-05,-0.5933581208781864,-0.7668484873015056,-0.41986775445486724,2.0518823385040356e-08,0.000999000999000999,0.0010182125566740952,136,0.10034405562237246,0.0072992700729927005,200,0.10591681677941964,0.024875621890547265
Proteoglycans in cancer,54,2862,0.0185029786080122,0.018516480922698975,-1.3502314686775208e-05,-0.9753595750691314,-1.1549659909666956,-0.7957531591715672,5.311878243614011e-28,0.000999000999000999,0.0010182125566740952,200,0.09915254873862533,0.004975124378109453,200,0.10160153149854505,0.04477611940298507
Central carbon metabolism in cancer,18,306,0.055431216955184937,0.0555419847369194,-0.00011076778173446655,-0.8753804637723025,-1.053120844877752,-0.697640082666853,3.2674728820464047e-10,0.000999000999000999,0.0010182125566740952,200,0.1016115201442298,0.004975124378109453,200,0.10026544227993857,0.014925373134328358
Transcriptional misregulation in cancer,105,10920,0.009519821964204311,0.009523116052150726,-3.2940879464149475e-06,-0.9964288672691093,-1.1764515869251375,-0.816406147613081,2.2400928835764194e-25,0.000999000999000999,0.0010182125566740952,0,,,200,0.11517410379435841,0.17412935323383086
Chemical carcinogenesis,114,12882,0.00876868236809969,0.0087714409455657,-2.7585774660110474e-06,-0.8703472010575267,-1.047998482964752,-0.6926959191503016,3.5482296809351535e-25,0.000999000999000999,0.0010182125566740952,0,,,200,0.15670374547750143,0.31840796019900497
Viral carcinogenesis,53,2756,0.018854297697544098,0.018867135047912598,-1.2837350368499756e-05,-1.026862907232552,-1.2075009088936137,-0.84622490557149,1.1891577249427676e-27,0.000999000999000999,0.0010182125566740952,200,0.10275171278299351,0.004975124378109453,200,0.10775205238442076,0.05970149253731343
Non-small cell lung cancer,5,20,0.19919508695602417,0.19988368451595306,-0.000688597559928894,-0.4970980548282593,-0.6694947798181653,-0.3247013298383533,0.0009351095724874617,0.000999000999000999,0.0010182125566740952,0,,,200,0.10967717960843312,0.029850746268656716
Small cell lung cancer,23,506,0.043395087122917175,0.043468307703733444,-7.322058081626892e-05,-0.8856704531267072,-1.0635944463799087,-0.7077464598735057,5.867726525765893e-22,0.000999000999000999,0.0010182125566740952,200,0.09663765123443373,0.004975124378109453,200,0.09057572000118874,0.01990049751243781
Breast cancer,4,12,0.24948082864284515,0.2499609887599945,-0.00048016011714935303,-0.4380457197288212,-0.6098642951183868,-0.26622714433925565,0.00029547206669420107,0.000999000999000999,0.0010182125566740952,0,,,200,0.09039088718089541,0.024875621890547265
Colorectal cancer,6,30,0.1663946509361267,0.1666204035282135,-0.000225752592086792,-0.3527103015897692,-0.5238197503584627,-0.1816008528210756,0.007300623510678955,0.000999000999000999,0.0010182125566740952,0,,,200,0.11360955825575916,0.03482587064676617
Gastric cancer,7,42,0.1426299810409546,0.14267101883888245,-4.1037797927856445e-05,-0.043148672823580876,-0.21296277629928365,0.1266654306521219,0.49315557769263896,0.6223776223776224,0.6223776223776224,0,,,200,0.1117025591510831,0.7960199004975125
Hepatocellular carcinoma,25,600,0.039958905428647995,0.0399947427213192,-3.583729267120361e-05,-0.696997840853157,-0.8718716374058952,-0.5221240443004187,8.744615526843905e-14,0.000999000999000999,0.0010182125566740952,200,0.086053013547221,0.004975124378109453,200,0.09059683970911672,0.05472636815920398
T cell receptor signaling pathway,9,72,0.11087970435619354,0.11107322573661804,-0.0001935213804244995,-0.5593647172265135,-0.7324476288738204,-0.3862818055792065,1.0932609955350057e-08,0.000999000999000999,0.0010182125566740952,0,,,200,0.10368003162739742,0.024875621890547265
B cell receptor signaling pathway,23,506,0.043431852012872696,0.043470170348882675,-3.831833600997925e-05,-0.6348503457576553,-0.8088691908066095,-0.46083150070870116,7.220286118646434e-10,0.000999000999000999,0.0010182125566740952,200,0.10293106697262124,0.004975124378109453,200,0.09863595061684302,0.03980099502487562
Natural killer cell mediated cytotoxicity,35,1190,0.028550218790769577,0.028567172586917877,-1.695379614830017e-05,-0.6559523408260722,-0.8302529985511868,-0.48165168310095763,2.3950600475824487e-14,0.000999000999000999,0.0010182125566740952,200,0.09996838430400057,0.004975124378109453,200,0.116948993157938,0.09950248756218906
Antigen processing and presentation,35,1190,0.02854403480887413,0.028566967695951462,-2.2932887077331543e-05,-0.7884696167638479,-0.96473792540239,-0.6122013081253057,1.3511135480603483e-14,0.000999000999000999,0.0010182125566740952,200,0.10275157954151859,0.004975124378109453,200,0.11506685050885146,0.08955223880597014
Cytokine-cytokine receptor interaction,112,12432,0.008925979025661945,0.008927939459681511,-1.9604340195655823e-06,-0.7944429091138616,-0.9708078456145101,-0.6180779726132132,3.781341321787411e-21,0.000999000999000999,0.0010182125566740952,0,,,200,0.12363678681625204,0.26865671641791045
Chemokine signaling pathway,16,240,0.06239919736981392,0.062494128942489624,-9.493157267570496e-05,-0.7253414220725896,-0.9006301184332897,-0.5500527257118895,2.0640635331285277e-15,0.000999000999000999,0.0010182125566740952,42,0.14534695571607703,0.023255813953488372,200,0.11036374099710565,0.029850746268656716
ECM-receptor interaction,50,2450,0.019986404106020927,0.01999758929014206,-1.1185184121131897e-05,-0.7767487728659104,-0.9528294456880191,-0.6006681000438017,2.251898330460813e-18,0.000999000999000999,0.0010182125566740952,200,0.11957013545936937,0.004975124378109453,200,0.10495040475516251,0.04477611940298507
Focal adhesion,25,600,0.039940863847732544,0.039993684738874435,-5.282089114189148e-05,-0.8664827943789474,-1.0440659868141051,-0.6888996019437897,1.2069366728071034e-18,0.000999000999000999,0.0010182125566740952,200,0.10535580078947111,0.004975124378109453,200,0.10918141778145625,0.05472636815920398
Cell adhesion molecules,90,8010,0.011106026358902454,0.011110241524875164,-4.215165972709656e-06,-0.9199663115298943,-1.0985163405091416,-0.741416282550647,4.471444117752023e-29,0.000999000999000999,0.0010182125566740952,200,0.08147380061622085,0.004975124378109453,200,0.11660668905254809,0.09950248756218906
Regulation of actin cytoskeleton,63,3906,0.015863697975873947,0.015872173011302948,-8.475035429000854e-06,-0.9673196994524117,-1.146769352517097,-0.7878700463877263,3.531908140739331e-28,0.000999000999000999,0.0010182125566740952,200,0.10069101685007364,0.004975124378109453,200,0.10751037318622098,0.06965174129353234
Glycolysis / Gluconeogenesis,30,870,0.03329199180006981,0.03332855924963951,-3.656744956970215e-05,-0.9000733980747272,-1.078257672854354,-0.7218891232951004,2.743674783735315e-23,0.000999000999000999,0.0010182125566740952,200,0.10084614709252948,0.004975124378109453,200,0.11408430027905317,0.04477611940298507
Oxidative phosphorylation,90,8010,0.01110480260103941,0.011109248735010624,-4.4461339712142944e-06,-0.6624446734449327,-0.8368337943799453,-0.48805555250992017,2.2537058520994475e-18,0.000999000999000999,0.0010182125566740952,200,0.10518654185150456,0.004975124378109453,200,0.10773000026779173,0.19402985074626866
DNA replication,29,812,0.03445287048816681,0.03447749465703964,-2.4624168872833252e-05,-0.6948858156440239,-0.8697293193663229,-0.5200423119217248,1.367046823112197e-13,0.000999000999000999,0.0010182125566740952,200,0.09940468363229879,0.004975124378109453,200,0.11216568838056068,0.03980099502487562
Mismatch repair,3,6,0.331926554441452,0.33316734433174133,-0.0012407898902893066,-0.35324040889946046,-0.5243537984656772,-0.18212701933324377,0.00023008783057343728,0.000999000999000999,0.0010182125566740952,0,,,200,0.12295276582846466,0.04477611940298507
Base excision repair,16,240,0.06239011883735657,0.06248266249895096,-9.254366159439087e-05,-0.6586699846933206,-0.833007571921093,-0.48433239746554824,1.6046631118457937e-10,0.000999000999000999,0.0010182125566740952,61,0.12444797206707907,0.016129032258064516,200,0.09871982813256672,0.024875621890547265
Homologous recombination,22,462,0.045409832149744034,0.04544902592897415,-3.91937792301178e-05,-0.680109308588874,-0.8547433004249183,-0.5054753167528296,1.03870492957851e-10,0.000999000999000999,0.0010182125566740952,200,0.11074298456296225,0.004975124378109453,200,0.1079709034464967,0.05472636815920398
