dataset,sim,pathway,k,block_null_pct,real_abs_d,null_median_abs_d
LUAD,0,AMPK signaling pathway,74,0.19801980198019803,0.1743773888823595,0.07703491733575005
LUAD,0,Antigen processing and presentation,35,0.09900990099009901,0.2481143054478867,0.08505251306483194
LUAD,0,Apoptosis,97,0.594059405940594,0.05983425975365743,0.06462371978655104
LUAD,0,Autophagy,90,0.43564356435643564,0.12509514312213302,0.10427464487182261
LUAD,0,B cell receptor signaling pathway,23,0.039603960396039604,0.24620801963805478,0.08418814381391702
LUAD,0,Base excision repair,16,1.0,0.0,0.07300852664355623
LUAD,0,Breast cancer,4,1.0,0.0,0.0676016011770393
LUAD,0,Cell adhesion molecules,94,0.6138613861386139,0.05849469849571047,0.0587333073367967
LUAD,0,Cell cycle,124,0.7821782178217822,0.07065675771169992,0.07065675771169992
LUAD,0,Cellular senescence,111,0.38613861386138615,0.1253223944086544,0.09440264412812106
LUAD,0,Central carbon metabolism in cancer,19,1.0,0.0,0.0685029365952591
LUAD,0,Chemical carcinogenesis,120,0.43564356435643564,0.13064763694936274,0.10373518854892405
LUAD,0,Chemokine signaling pathway,16,0.06930693069306931,0.42757699410699185,0.06467638331793217
LUAD,0,Colorectal cancer,6,1.0,0.0,0.0794272369808447
LUAD,0,Cytokine-cytokine receptor interaction,112,1.0,0.0,0.05710771664345396
LUAD,0,DNA replication,29,1.0,0.0,0.06910363420314772
LUAD,0,ECM-receptor interaction,50,1.0,0.0,0.05206497141494271
LUAD,0,ErbB signaling pathway,11,1.0,0.0,0.07665031996853809
LUAD,0,Ferroptosis,33,1.0,0.0,0.07306277201972936
LUAD,0,Focal adhesion,25,0.1485148514851485,0.2281101134363171,0.08046381037204285
LUAD,0,FoxO signaling pathway,29,1.0,0.0,0.05872127653083174
LUAD,0,Gastric cancer,7,1.0,0.0,0.07246533125153876
LUAD,0,Glycolysis / Gluconeogenesis,30,0.06930693069306931,0.26045190026465204,0.08616710882730647
LUAD,0,HIF-1 signaling pathway,35,0.06930693069306931,0.507629729720208,0.10891015844703539
LUAD,0,Hedgehog signaling pathway,38,1.0,0.0,0.08032120530968358
LUAD,0,Hepatocellular carcinoma,25,0.039603960396039604,0.23676398766287404,0.07441700563146732
LUAD,0,Hippo signaling pathway,73,0.3465346534653465,0.12048183967890963,0.07827367140189014
LUAD,0,Homologous recombination,25,1.0,0.0,0.08688933620288206
LUAD,0,JAK-STAT signaling pathway,91,0.7029702970297029,0.06343914639311313,0.0846143490139064
LUAD,0,MAPK signaling pathway,212,1.0,0.09641980815305147,0.09641980815305147
LUAD,0,Mismatch repair,3,1.0,0.0,0.08368666319836957
LUAD,0,Mitophagy,34,1.0,0.0,0.09137082792253348
LUAD,0,NF-kappa B signaling pathway,46,0.0594059405940594,0.24577718727379752,0.07555927507935448
LUAD,0,Natural killer cell mediated cytotoxicity,35,0.0594059405940594,0.5070409034102151,0.08067865816555608
LUAD,0,Necroptosis,122,1.0,0.0,0.06508483238125694
LUAD,0,Non-small cell lung cancer,5,1.0,0.0,0.07756956201627013
LUAD,0,Notch signaling pathway,43,1.0,0.0,0.07911826895027606
LUAD,0,Oxidative phosphorylation,105,0.44554455445544555,0.06889106370946915,0.0627606743799969
LUAD,0,PD-L1 expression and PD-1 checkpoint pathway in cancer,17,1.0,0.0,0.07161729919680121
LUAD,0,Proteoglycans in cancer,56,0.039603960396039604,0.4141584779038659,0.06968727807633779
LUAD,0,Rap1 signaling pathway,85,0.16831683168316833,0.19478408418472676,0.07470043645241822
LUAD,0,Ras signaling pathway,85,0.0891089108910891,0.24753809458828074,0.09268222100283927
LUAD,0,Regulation of actin cytoskeleton,63,0.297029702970297,0.14238984278693578,0.09026406324296152
LUAD,0,Small cell lung cancer,23,0.1188118811881188,0.23804362029779322,0.07365822659688484
LUAD,0,T cell receptor signaling pathway,10,1.0,0.0,0.08165923116923426
LUAD,0,TGF-beta signaling pathway,41,0.32673267326732675,0.12365547619105485,0.07266262271320943
LUAD,0,TNF signaling pathway,22,1.0,0.0,0.07764851096313312
LUAD,0,Transcriptional misregulation in cancer,123,1.0,0.0,0.0529372329989355
LUAD,0,VEGF signaling pathway,5,1.0,0.0,0.06266601325012694
LUAD,0,Viral carcinogenesis,90,0.0891089108910891,0.313537415579089,0.09735094752839706
LUAD,0,Wnt signaling pathway,66,1.0,0.0,0.0709338800428454
LUAD,0,mTOR signaling pathway,88,0.6237623762376238,0.06237339980858474,0.07232959573610899
LUAD,0,p53 signaling pathway,50,1.0,0.0,0.05783194257794862
LUAD,1,AMPK signaling pathway,74,1.0,0.0,0.08222092636023665
LUAD,1,Antigen processing and presentation,35,0.039603960396039604,0.4931061284697422,0.07695091594764392
LUAD,1,Apoptosis,97,0.5544554455445545,0.06250327731312985,0.06250327731312985
LUAD,1,Autophagy,90,0.45544554455445546,0.0636038538614552,0.050519533789429805
LUAD,1,B cell receptor signaling pathway,23,0.13861386138613863,0.25361619464299434,0.0931397959859113
LUAD,1,Base excision repair,16,0.0297029702970297,0.873290304820752,0.09273484489456421
LUAD,1,Breast cancer,4,1.0,0.0,0.08418928281086943
LUAD,1,Cell adhesion molecules,94,1.0,0.0,0.052927747083019734
LUAD,1,Cell cycle,124,0.5643564356435643,0.13687718216583097,0.13687718216583097
LUAD,1,Cellular senescence,111,0.5544554455445545,0.06797699208510509,0.06797699208510509
LUAD,1,Central carbon metabolism in cancer,19,1.0,0.0,0.06684200437953726
LUAD,1,Chemical carcinogenesis,120,0.3465346534653465,0.14504146503210527,0.10176688043717408
LUAD,1,Chemokine signaling pathway,16,1.0,0.0,0.07244029504256343
LUAD,1,Colorectal cancer,6,1.0,0.0,0.06779448450745912
LUAD,1,Cytokine-cytokine receptor interaction,112,0.3465346534653465,0.1347865290038373,0.08174287268072294
LUAD,1,DNA replication,29,1.0,0.0,0.0785899092536416
LUAD,1,ECM-receptor interaction,50,1.0,0.0,0.06678896637392331
LUAD,1,ErbB signaling pathway,11,1.0,0.0,0.0583993187507316
LUAD,1,Ferroptosis,33,1.0,0.0,0.06063825323889039
LUAD,1,Focal adhesion,25,0.04950495049504951,0.24156010132751257,0.062245681023457136
LUAD,1,FoxO signaling pathway,29,1.0,0.0,0.07326114438644993
LUAD,1,Gastric cancer,7,1.0,0.0,0.09603728296105475
LUAD,1,Glycolysis / Gluconeogenesis,30,0.13861386138613863,0.23656382080646648,0.10930855321155213
LUAD,1,HIF-1 signaling pathway,35,1.0,0.0,0.07849238083035778
LUAD,1,Hedgehog signaling pathway,38,1.0,0.0,0.07590941991984158
LUAD,1,Hepatocellular carcinoma,25,1.0,0.0,0.0828787870055907
LUAD,1,Hippo signaling pathway,73,0.06930693069306931,0.28101396238413673,0.08110206035992583
LUAD,1,Homologous recombination,25,1.0,0.0,0.06225636758528008
LUAD,1,JAK-STAT signaling pathway,91,0.3465346534653465,0.12402913195423879,0.08512594473362825
LUAD,1,MAPK signaling pathway,212,1.0,0.061976885164479266,0.061976885164479266
LUAD,1,Mismatch repair,3,1.0,0.0,0.06376086792286831
LUAD,1,Mitophagy,34,1.0,0.0,0.09381035758560248
LUAD,1,NF-kappa B signaling pathway,46,1.0,0.0,0.05732322846925618
LUAD,1,Natural killer cell mediated cytotoxicity,35,0.0891089108910891,0.2529618408680766,0.0672853967194589
LUAD,1,Necroptosis,122,0.6336633663366337,0.07065083991160145,0.07065083991160145
LUAD,1,Non-small cell lung cancer,5,1.0,0.0,0.07468046595913538
LUAD,1,Notch signaling pathway,43,1.0,0.0,0.07218785613047235
LUAD,1,Oxidative phosphorylation,105,0.5841584158415841,0.06404751422934567,0.06404751422934567
LUAD,1,PD-L1 expression and PD-1 checkpoint pathway in cancer,17,1.0,0.0,0.05884297804554763
LUAD,1,Proteoglycans in cancer,56,0.0594059405940594,0.25770930354729915,0.06808034806670726
LUAD,1,Rap1 signaling pathway,85,0.36633663366336633,0.1183263605778212,0.08833110469765698
LUAD,1,Ras signaling pathway,85,1.0,0.0,0.07851780623016152
LUAD,1,Regulation of actin cytoskeleton,63,1.0,0.0,0.07255289834902268
LUAD,1,Small cell lung cancer,23,0.0891089108910891,0.22383224576330185,0.10615157644340154
LUAD,1,T cell receptor signaling pathway,10,1.0,0.0,0.07413382917696776
LUAD,1,TGF-beta signaling pathway,41,1.0,0.0,0.06800718238404013
LUAD,1,TNF signaling pathway,22,1.0,0.0,0.08103907843313055
LUAD,1,Transcriptional misregulation in cancer,123,1.0,0.0,0.026988443865838277
LUAD,1,VEGF signaling pathway,5,1.0,0.0,0.07016790050833235
LUAD,1,Viral carcinogenesis,90,1.0,0.0,0.0636038538614552
LUAD,1,Wnt signaling pathway,66,0.07920792079207921,0.2625691939039244,0.07200159793873052
LUAD,1,mTOR signaling pathway,88,0.18811881188118812,0.17480500515739053,0.08634255971078056
LUAD,1,p53 signaling pathway,50,1.0,0.0,0.05260436795011769
LUAD,2,AMPK signaling pathway,74,0.6039603960396039,0.06090690697838077,0.06269851547216247
LUAD,2,Antigen processing and presentation,35,1.0,0.0,0.06443584785219232
LUAD,2,Apoptosis,97,0.6039603960396039,0.060590565896853785,0.060590565896853785
LUAD,2,Autophagy,90,0.44554455445544555,0.11498362419899617,0.10201718909795306
LUAD,2,B cell receptor signaling pathway,23,0.0297029702970297,0.4759515065256586,0.09797491102257976
LUAD,2,Base excision repair,16,1.0,0.0,0.08616988821239446
LUAD,2,Breast cancer,4,1.0,0.0,0.07326088073153136
LUAD,2,Cell adhesion molecules,94,0.1485148514851485,0.2583325695400749,0.10036644534459964
LUAD,2,Cell cycle,124,1.0,0.0,0.0
LUAD,2,Cellular senescence,111,1.0,0.0,0.057045708283788917
LUAD,2,Central carbon metabolism in cancer,19,1.0,0.0,0.08563965087958487
LUAD,2,Chemical carcinogenesis,120,0.2376237623762376,0.20124189734186346,0.0982552043619226
LUAD,2,Chemokine signaling pathway,16,0.039603960396039604,0.42331339135451423,0.08889135357908676
LUAD,2,Colorectal cancer,6,1.0,0.0,0.0676962514218218
LUAD,2,Cytokine-cytokine receptor interaction,112,0.12871287128712872,0.2705313374064851,0.09557244463439853
LUAD,2,DNA replication,29,1.0,0.0,0.07846338935109035
LUAD,2,ECM-receptor interaction,50,0.07920792079207921,0.37669251932250924,0.08442599106310056
LUAD,2,ErbB signaling pathway,11,1.0,0.0,0.07721137053315244
LUAD,2,Ferroptosis,33,0.06930693069306931,0.2583940596408776,0.08188897421261426
LUAD,2,Focal adhesion,25,1.0,0.0,0.0860528752121886
LUAD,2,FoxO signaling pathway,29,1.0,0.0,0.08893237213824728
LUAD,2,Gastric cancer,7,1.0,0.0,0.09255817907989224
LUAD,2,Glycolysis / Gluconeogenesis,30,0.039603960396039604,0.524922115174754,0.09060381523428872
LUAD,2,HIF-1 signaling pathway,35,0.0297029702970297,0.515060015063842,0.08112587166937614
LUAD,2,Hedgehog signaling pathway,38,1.0,0.0,0.07436805908713433
LUAD,2,Hepatocellular carcinoma,25,0.06930693069306931,0.24603291612213113,0.06958760111568804
LUAD,2,Hippo signaling pathway,73,0.09900990099009901,0.24488375595576264,0.08529199661979361
LUAD,2,Homologous recombination,25,1.0,0.0,0.07978233172057418
LUAD,2,JAK-STAT signaling pathway,91,0.2079207920792079,0.1770957898601146,0.0943951731041204
LUAD,2,MAPK signaling pathway,212,1.0,0.15280606594609297,0.15280606594609297
LUAD,2,Mismatch repair,3,1.0,0.0,0.06520545192007833
LUAD,2,Mitophagy,34,1.0,0.0,0.07830370653742472
LUAD,2,NF-kappa B signaling pathway,46,0.0594059405940594,0.22092634835230054,0.08786414099908274
LUAD,2,Natural killer cell mediated cytotoxicity,35,0.0891089108910891,0.24597046963361996,0.06864008183552135
LUAD,2,Necroptosis,122,1.0,0.0,0.05660293875526577
LUAD,2,Non-small cell lung cancer,5,1.0,0.0,0.060975907233205645
LUAD,2,Notch signaling pathway,43,0.0891089108910891,0.5002623708004461,0.08953024089003463
LUAD,2,Oxidative phosphorylation,105,0.19801980198019803,0.31338651493355474,0.10549322708031514
LUAD,2,PD-L1 expression and PD-1 checkpoint pathway in cancer,17,1.0,0.0,0.06786111407645531
LUAD,2,Proteoglycans in cancer,56,1.0,0.0,0.0730487327758699
LUAD,2,Rap1 signaling pathway,85,1.0,0.0,0.0674102708969901
LUAD,2,Ras signaling pathway,85,0.5742574257425742,0.06511390145992382,0.07458004253178985
LUAD,2,Regulation of actin cytoskeleton,63,1.0,0.0,0.084356781678908
LUAD,2,Small cell lung cancer,23,0.1188118811881188,0.2394363009414858,0.06765634249220892
LUAD,2,T cell receptor signaling pathway,10,1.0,0.0,0.0675859968861276
LUAD,2,TGF-beta signaling pathway,41,1.0,0.0,0.06773538926386874
LUAD,2,TNF signaling pathway,22,1.0,0.0,0.0709738592878918
LUAD,2,Transcriptional misregulation in cancer,123,0.6435643564356436,0.0698813610194517,0.0698813610194517
LUAD,2,VEGF signaling pathway,5,1.0,0.0,0.07160087242107403
LUAD,2,Viral carcinogenesis,90,0.7227722772277227,0.055551528227251096,0.08378117276964286
LUAD,2,Wnt signaling pathway,66,0.693069306930693,0.06866343771770202,0.09854083470403875
LUAD,2,mTOR signaling pathway,88,0.07920792079207921,0.28914935322198965,0.09231577365053885
LUAD,2,p53 signaling pathway,50,1.0,0.0,0.07645049462869849
LUAD,3,AMPK signaling pathway,74,1.0,0.0,0.0798833329063098
LUAD,3,Antigen processing and presentation,35,0.06930693069306931,0.23212190068001276,0.06610161266444071
LUAD,3,Apoptosis,97,1.0,0.0,0.07344399279550202
LUAD,3,Autophagy,90,0.5643564356435643,0.061108446630295556,0.061108446630295556
LUAD,3,B cell receptor signaling pathway,23,1.0,0.0,0.07063408014692679
LUAD,3,Base excision repair,16,0.0297029702970297,0.5731977652255258,0.0835362426281846
LUAD,3,Breast cancer,4,1.0,0.0,0.08770927082923696
LUAD,3,Cell adhesion molecules,94,0.6534653465346535,0.06046777647112696,0.07461285036629173
LUAD,3,Cell cycle,124,0.7425742574257426,0.06903634793924064,0.06903634793924064
LUAD,3,Cellular senescence,111,0.6336633663366337,0.06907336578732022,0.06907336578732022
LUAD,3,Central carbon metabolism in cancer,19,1.0,0.0,0.07408860551355975
LUAD,3,Chemical carcinogenesis,120,1.0,0.0,0.04510629697241154
LUAD,3,Chemokine signaling pathway,16,0.06930693069306931,0.4239512000503424,0.07773785225686236
LUAD,3,Colorectal cancer,6,1.0,0.0,0.08942740167763472
LUAD,3,Cytokine-cytokine receptor interaction,112,0.6534653465346535,0.06757736210996831,0.06757736210996831
LUAD,3,DNA replication,29,0.10891089108910891,0.2651719949025614,0.1083097198809007
LUAD,3,ECM-receptor interaction,50,0.3069306930693069,0.12583743604900502,0.08881540419227976
LUAD,3,ErbB signaling pathway,11,1.0,0.0,0.07490424300372614
LUAD,3,Ferroptosis,33,1.0,0.0,0.07693636774701655
LUAD,3,Focal adhesion,25,1.0,0.0,0.05838340942625163
LUAD,3,FoxO signaling pathway,29,0.019801980198019802,0.5040331793297963,0.09672587551357295
LUAD,3,Gastric cancer,7,0.0297029702970297,0.6960983016273313,0.06603183588127737
LUAD,3,Glycolysis / Gluconeogenesis,30,0.10891089108910891,0.24746972729374253,0.10175841879851644
LUAD,3,HIF-1 signaling pathway,35,1.0,0.0,0.06344593515577049
LUAD,3,Hedgehog signaling pathway,38,1.0,0.0,0.08241464788660946
LUAD,3,Hepatocellular carcinoma,25,0.09900990099009901,0.23439497210873037,0.07979064761430753
LUAD,3,Hippo signaling pathway,73,1.0,0.0,0.06630472551972004
LUAD,3,Homologous recombination,25,1.0,0.0,0.08639604888430977
LUAD,3,JAK-STAT signaling pathway,91,0.31683168316831684,0.11733276495764722,0.0897764919185397
LUAD,3,MAPK signaling pathway,212,1.0,0.1374021654158259,0.1374021654158259
LUAD,3,Mismatch repair,3,1.0,0.0,0.09222271577103847
LUAD,3,Mitophagy,34,1.0,0.0,0.08441412830210036
LUAD,3,NF-kappa B signaling pathway,46,1.0,0.0,0.07287395004044311
LUAD,3,Natural killer cell mediated cytotoxicity,35,1.0,0.0,0.08308633702268016
LUAD,3,Necroptosis,122,0.6732673267326733,0.07059174357504945,0.07059174357504945
LUAD,3,Non-small cell lung cancer,5,1.0,0.0,0.07718496756487818
LUAD,3,Notch signaling pathway,43,0.3465346534653465,0.11389110947576163,0.08139479829262015
LUAD,3,Oxidative phosphorylation,105,1.0,0.0,0.06807734443983832
LUAD,3,PD-L1 expression and PD-1 checkpoint pathway in cancer,17,1.0,0.0,0.07471074302702205
LUAD,3,Proteoglycans in cancer,56,1.0,0.0,0.06224875793211994
LUAD,3,Rap1 signaling pathway,85,0.13861386138613863,0.176987165926213,0.06327244196779234
LUAD,3,Ras signaling pathway,85,0.693069306930693,0.05818123214495837,0.08074814529317897
LUAD,3,Regulation of actin cytoskeleton,63,1.0,0.0,0.06519818615248817
LUAD,3,Small cell lung cancer,23,0.039603960396039604,0.4596439908987961,0.09575883972025132
LUAD,3,T cell receptor signaling pathway,10,1.0,0.0,0.08296058363125505
LUAD,3,TGF-beta signaling pathway,41,1.0,0.0,0.08107699214617758
LUAD,3,TNF signaling pathway,22,1.0,0.0,0.09193926885721951
LUAD,3,Transcriptional misregulation in cancer,123,0.7821782178217822,0.07316729936398124,0.07781179899115853
LUAD,3,VEGF signaling pathway,5,1.0,0.0,0.0772369587785123
LUAD,3,Viral carcinogenesis,90,0.6138613861386139,0.05799673242380246,0.061108446630295556
LUAD,3,Wnt signaling pathway,66,1.0,0.0,0.0668655533825217
LUAD,3,mTOR signaling pathway,88,1.0,0.0,0.07255418682979968
LUAD,3,p53 signaling pathway,50,0.3069306930693069,0.1275536276703366,0.07712137789799667
LUAD,4,AMPK signaling pathway,74,0.0891089108910891,0.24133721424151153,0.07562242745259123
LUAD,4,Antigen processing and presentation,35,1.0,0.0,0.08043669943390491
LUAD,4,Apoptosis,97,1.0,0.0,0.07086212191154087
LUAD,4,Autophagy,90,0.6039603960396039,0.05932226264680181,0.05932226264680181
LUAD,4,B cell receptor signaling pathway,23,1.0,0.0,0.08727426134929392
LUAD,4,Base excision repair,16,1.0,0.0,0.08017223943879373
LUAD,4,Breast cancer,4,1.0,0.0,0.07962141207969589
LUAD,4,Cell adhesion molecules,94,0.6039603960396039,0.06061483999177288,0.06061483999177288
LUAD,4,Cell cycle,124,0.7821782178217822,0.06765412630019951,0.06765412630019951
LUAD,4,Cellular senescence,111,0.42574257425742573,0.12415657935437453,0.09732794738286729
LUAD,4,Central carbon metabolism in cancer,19,1.0,0.0,0.06891347028235062
LUAD,4,Chemical carcinogenesis,120,0.36633663366336633,0.13913823737650396,0.09651593365774543
LUAD,4,Chemokine signaling pathway,16,1.0,0.0,0.08579810510866005
LUAD,4,Colorectal cancer,6,1.0,0.0,0.08472421922475723
LUAD,4,Cytokine-cytokine receptor interaction,112,0.693069306930693,0.06166893675534694,0.06166893675534694
LUAD,4,DNA replication,29,1.0,0.0,0.08122844582823967
LUAD,4,ECM-receptor interaction,50,1.0,0.0,0.07339214934657363
LUAD,4,ErbB signaling pathway,11,0.04950495049504951,0.37117598723485445,0.06786582645965794
LUAD,4,Ferroptosis,33,1.0,0.0,0.07780556188989132
LUAD,4,Focal adhesion,25,1.0,0.0,0.05362521621550831
LUAD,4,FoxO signaling pathway,29,0.10891089108910891,0.24731729751192952,0.08046617920760464
LUAD,4,Gastric cancer,7,1.0,0.0,0.08425379926261975
LUAD,4,Glycolysis / Gluconeogenesis,30,0.039603960396039604,0.2533429306969851,0.07480838740395185
LUAD,4,HIF-1 signaling pathway,35,0.04950495049504951,0.5075474447438922,0.09353967131971065
LUAD,4,Hedgehog signaling pathway,38,1.0,0.0,0.07808987124531622
LUAD,4,Hepatocellular carcinoma,25,1.0,0.0,0.08847288194764695
LUAD,4,Hippo signaling pathway,73,0.2871287128712871,0.12936652092290624,0.07716067518695889
LUAD,4,Homologous recombination,25,1.0,0.0,0.08996303471082089
LUAD,4,JAK-STAT signaling pathway,91,0.3564356435643564,0.11001753313402761,0.05903117859803919
LUAD,4,MAPK signaling pathway,212,1.0,0.032406702338232195,0.032406702338232195
LUAD,4,Mismatch repair,3,1.0,0.0,0.07762699112243003
LUAD,4,Mitophagy,34,0.0297029702970297,0.26187904464783013,0.08196129962358545
LUAD,4,NF-kappa B signaling pathway,46,1.0,0.0,0.07936519123243566
LUAD,4,Natural killer cell mediated cytotoxicity,35,0.07920792079207921,0.5028556551614732,0.08377775834459897
LUAD,4,Necroptosis,122,0.5148514851485149,0.14195348831850643,0.14195348831850643
LUAD,4,Non-small cell lung cancer,5,1.0,0.0,0.07587903258071008
LUAD,4,Notch signaling pathway,43,0.40594059405940597,0.11472306439160679,0.09756823995356032
LUAD,4,Oxidative phosphorylation,105,0.6534653465346535,0.06432035163315766,0.0839379456583593
LUAD,4,PD-L1 expression and PD-1 checkpoint pathway in cancer,17,1.0,0.0,0.08291610313441142
LUAD,4,Proteoglycans in cancer,56,0.10891089108910891,0.2589458120260753,0.09951515828701019
LUAD,4,Rap1 signaling pathway,85,1.0,0.0,0.07513385478457452
LUAD,4,Ras signaling pathway,85,1.0,0.0,0.05868883949628155
LUAD,4,Regulation of actin cytoskeleton,63,0.31683168316831684,0.14227373253974893,0.07561138449033324
LUAD,4,Small cell lung cancer,23,0.07920792079207921,0.259244939499002,0.071554336820217
LUAD,4,T cell receptor signaling pathway,10,1.0,0.0,0.07591329975280828
LUAD,4,TGF-beta signaling pathway,41,0.33663366336633666,0.11014118578454127,0.07016776071442257
LUAD,4,TNF signaling pathway,22,1.0,0.0,0.07500649285867492
LUAD,4,Transcriptional misregulation in cancer,123,0.504950495049505,0.1474634726754283,0.14331218436074117
LUAD,4,VEGF signaling pathway,5,1.0,0.0,0.06459009080606853
LUAD,4,Viral carcinogenesis,90,0.3465346534653465,0.12458588103061514,0.08533744847925645
LUAD,4,Wnt signaling pathway,66,1.0,0.0,0.07871341727683309
LUAD,4,mTOR signaling pathway,88,1.0,0.0,0.060676206640232766
LUAD,4,p53 signaling pathway,50,0.2079207920792079,0.1313596441410348,0.07558925834406377
LUAD,5,AMPK signaling pathway,74,0.24752475247524752,0.1301149273918629,0.08468497530402616
LUAD,5,Antigen processing and presentation,35,1.0,0.0,0.0826229645895453
LUAD,5,Apoptosis,97,0.27722772277227725,0.12564896041753199,0.07587253509252706
LUAD,5,Autophagy,90,0.07920792079207921,0.2908202824153933,0.0833270336447652
LUAD,5,B cell receptor signaling pathway,23,0.10891089108910891,0.24220119182785757,0.0744865533533974
LUAD,5,Base excision repair,16,0.039603960396039604,0.9642599192581196,0.09542004925379532
LUAD,5,Breast cancer,4,1.0,0.0,0.0700616129416205
LUAD,5,Cell adhesion molecules,94,0.13861386138613863,0.23903999230965042,0.07478074141359939
LUAD,5,Cell cycle,124,0.5643564356435643,0.1997231708985048,0.1997231708985048
LUAD,5,Cellular senescence,111,0.6831683168316832,0.06626515304159067,0.06626515304159067
LUAD,5,Central carbon metabolism in cancer,19,1.0,0.0,0.0822909984407753
LUAD,5,Chemical carcinogenesis,120,0.7326732673267327,0.06636987836707547,0.06636987836707547
LUAD,5,Chemokine signaling pathway,16,0.0891089108910891,0.9253765931124797,0.07277629249163087
LUAD,5,Colorectal cancer,6,1.0,0.0,0.08145253382579835
LUAD,5,Cytokine-cytokine receptor interaction,112,0.6039603960396039,0.06851563277433516,0.06851563277433516
LUAD,5,DNA replication,29,1.0,0.0,0.06818259917605089
LUAD,5,ECM-receptor interaction,50,0.25742574257425743,0.12651828103649318,0.07112755716935999
LUAD,5,ErbB signaling pathway,11,1.0,0.0,0.07546333762888621
LUAD,5,Ferroptosis,33,1.0,0.0,0.06085227119212869
LUAD,5,Focal adhesion,25,1.0,0.0,0.08234508605929518
LUAD,5,FoxO signaling pathway,29,1.0,0.0,0.07689106438826546
LUAD,5,Gastric cancer,7,1.0,0.0,0.06493249376191249
LUAD,5,Glycolysis / Gluconeogenesis,30,1.0,0.0,0.06254546569821978
LUAD,5,HIF-1 signaling pathway,35,0.06930693069306931,0.4653283001114915,0.08537775471567571
LUAD,5,Hedgehog signaling pathway,38,1.0,0.0,0.07502446700072893
LUAD,5,Hepatocellular carcinoma,25,0.06930693069306931,0.24236823538116953,0.08652847878079639
LUAD,5,Hippo signaling pathway,73,1.0,0.0,0.057938299337249026
LUAD,5,Homologous recombination,25,1.0,0.0,0.07082996800069824
LUAD,5,JAK-STAT signaling pathway,91,0.31683168316831684,0.1292404719971273,0.08685839098152845
LUAD,5,MAPK signaling pathway,212,1.0,0.03168034254485401,0.03168034254485401
LUAD,5,Mismatch repair,3,1.0,0.0,0.06585203553524341
LUAD,5,Mitophagy,34,1.0,0.0,0.08432009502649887
LUAD,5,NF-kappa B signaling pathway,46,0.09900990099009901,0.2325163664511259,0.086740872972911
LUAD,5,Natural killer cell mediated cytotoxicity,35,0.0891089108910891,0.24962725099921285,0.07843833451712039
LUAD,5,Necroptosis,122,1.0,0.0,0.034157399364347266
LUAD,5,Non-small cell lung cancer,5,1.0,0.0,0.09159679621487402
LUAD,5,Notch signaling pathway,43,1.0,0.0,0.08382016579036894
LUAD,5,Oxidative phosphorylation,105,0.6435643564356436,0.06385049916742337,0.06909979553633262
LUAD,5,PD-L1 expression and PD-1 checkpoint pathway in cancer,17,1.0,0.0,0.07524327033963263
LUAD,5,Proteoglycans in cancer,56,0.297029702970297,0.14140712133755323,0.08771603840722692
LUAD,5,Rap1 signaling pathway,85,0.5643564356435643,0.05859367949463302,0.06091853088719834
LUAD,5,Ras signaling pathway,85,1.0,0.0,0.08182204381482282
LUAD,5,Regulation of actin cytoskeleton,63,1.0,0.0,0.0699137686201319
LUAD,5,Small cell lung cancer,23,1.0,0.0,0.07213683957834124
LUAD,5,T cell receptor signaling pathway,10,1.0,0.0,0.0729241153230678
LUAD,5,TGF-beta signaling pathway,41,1.0,0.0,0.06851811719707887
LUAD,5,TNF signaling pathway,22,0.06930693069306931,0.23612081700796497,0.09518251125343982
LUAD,5,Transcriptional misregulation in cancer,123,0.48514851485148514,0.144517011544607,0.14056903464394993
LUAD,5,VEGF signaling pathway,5,1.0,0.0,0.08919013459378261
LUAD,5,Viral carcinogenesis,90,0.1485148514851485,0.24357457130022378,0.11010067990352171
LUAD,5,Wnt signaling pathway,66,0.10891089108910891,0.2766324913336312,0.10802967652932141
LUAD,5,mTOR signaling pathway,88,0.2376237623762376,0.12723189104118274,0.07044007399199514
LUAD,5,p53 signaling pathway,50,0.27722772277227725,0.12737988194489305,0.0990344006582593
LUAD,6,AMPK signaling pathway,74,1.0,0.0,0.07346746665934836
LUAD,6,Antigen processing and presentation,35,1.0,0.0,0.06010225721778906
LUAD,6,Apoptosis,97,1.0,0.0,0.07540977616994192
LUAD,6,Autophagy,90,1.0,0.0,0.059621305618704185
LUAD,6,B cell receptor signaling pathway,23,1.0,0.0,0.06672965881824242
LUAD,6,Base excision repair,16,1.0,0.0,0.07763212755788083
LUAD,6,Breast cancer,4,1.0,0.0,0.069154413597359
LUAD,6,Cell adhesion molecules,94,0.6237623762376238,0.06384307547780418,0.06886911962049252
LUAD,6,Cell cycle,124,0.594059405940594,0.2082781982057436,0.2082781982057436
LUAD,6,Cellular senescence,111,0.6435643564356436,0.06543729716553688,0.06543729716553688
LUAD,6,Central carbon metabolism in cancer,19,1.0,0.0,0.06980939324658908
LUAD,6,Chemical carcinogenesis,120,0.6138613861386139,0.07083021584577354,0.07083021584577354
LUAD,6,Chemokine signaling pathway,16,1.0,0.0,0.06990472507368761
LUAD,6,Colorectal cancer,6,1.0,0.0,0.07557598362492998
LUAD,6,Cytokine-cytokine receptor interaction,112,1.0,0.0,0.06306683845126065
LUAD,6,DNA replication,29,0.06930693069306931,0.26206758521613976,0.07812748664145383
LUAD,6,ECM-receptor interaction,50,0.31683168316831684,0.14093507060998373,0.09693018799700329
LUAD,6,ErbB signaling pathway,11,1.0,0.0,0.07266831997756878
LUAD,6,Ferroptosis,33,1.0,0.0,0.06907385808213881
LUAD,6,Focal adhesion,25,1.0,0.0,0.06061376011634115
LUAD,6,FoxO signaling pathway,29,0.04950495049504951,0.5062499087545143,0.09135325698733261
LUAD,6,Gastric cancer,7,1.0,0.0,0.071292816899377
LUAD,6,Glycolysis / Gluconeogenesis,30,0.009900990099009901,0.4962157975561315,0.07699483805319546
LUAD,6,HIF-1 signaling pathway,35,1.0,0.0,0.0719870912520762
LUAD,6,Hedgehog signaling pathway,38,0.0891089108910891,0.24463926655090562,0.07790037667300877
LUAD,6,Hepatocellular carcinoma,25,1.0,0.0,0.08766996692276252
LUAD,6,Hippo signaling pathway,73,1.0,0.0,0.061818081150491366
LUAD,6,Homologous recombination,25,1.0,0.0,0.06555022800944985
LUAD,6,JAK-STAT signaling pathway,91,0.6336633663366337,0.06033540911408156,0.06033540911408156
LUAD,6,MAPK signaling pathway,212,1.0,0.06265861730356745,0.06265861730356745
LUAD,6,Mismatch repair,3,1.0,0.0,0.07667391426002794
LUAD,6,Mitophagy,34,1.0,0.0,0.07568107172793635
LUAD,6,NF-kappa B signaling pathway,46,0.33663366336633666,0.12387176847439038,0.10566179424150551
LUAD,6,Natural killer cell mediated cytotoxicity,35,1.0,0.0,0.08222904955855243
LUAD,6,Necroptosis,122,0.19801980198019803,0.2841737218650502,0.10494215364396461
LUAD,6,Non-small cell lung cancer,5,1.0,0.0,0.07388169551776866
LUAD,6,Notch signaling pathway,43,0.25742574257425743,0.12141769986744198,0.07631567225398733
LUAD,6,Oxidative phosphorylation,105,0.6237623762376238,0.06490049051344511,0.06490049051344511
LUAD,6,PD-L1 expression and PD-1 checkpoint pathway in cancer,17,1.0,0.0,0.07556112522904482
LUAD,6,Proteoglycans in cancer,56,1.0,0.0,0.0749170913397427
LUAD,6,Rap1 signaling pathway,85,0.19801980198019803,0.176577236827013,0.08619324044338292
LUAD,6,Ras signaling pathway,85,0.2079207920792079,0.1863505788091318,0.11544429030413383
LUAD,6,Regulation of actin cytoskeleton,63,0.21782178217821782,0.15089959731382163,0.07182282812159019
LUAD,6,Small cell lung cancer,23,1.0,0.0,0.054124585575730425
LUAD,6,T cell receptor signaling pathway,10,1.0,0.0,0.07278746394573377
LUAD,6,TGF-beta signaling pathway,41,0.2871287128712871,0.11579952791970559,0.06467484294175252
LUAD,6,TNF signaling pathway,22,1.0,0.0,0.06550485431103542
LUAD,6,Transcriptional misregulation in cancer,123,0.7425742574257426,0.07407373310150608,0.07407373310150608
LUAD,6,VEGF signaling pathway,5,1.0,0.0,0.05994140536091569
LUAD,6,Viral carcinogenesis,90,1.0,0.0,0.07034704412413534
LUAD,6,Wnt signaling pathway,66,1.0,0.0,0.08111654960899783
LUAD,6,mTOR signaling pathway,88,0.7128712871287128,0.05910177510979897,0.08195919510914047
LUAD,6,p53 signaling pathway,50,0.04950495049504951,0.2520098759362346,0.09115472293702975
LUAD,7,AMPK signaling pathway,74,0.039603960396039604,0.30437543780333487,0.07085067557129464
LUAD,7,Antigen processing and presentation,35,1.0,0.0,0.08755354537307186
LUAD,7,Apoptosis,97,0.6831683168316832,0.06698410732093299,0.08346468027300225
LUAD,7,Autophagy,90,0.5643564356435643,0.0626636742088888,0.06267616667995454
LUAD,7,B cell receptor signaling pathway,23,1.0,0.0,0.08683928560662468
LUAD,7,Base excision repair,16,1.0,0.0,0.052944545805325025
LUAD,7,Breast cancer,4,1.0,0.0,0.08149597139469328
LUAD,7,Cell adhesion molecules,94,0.09900990099009901,0.2511067584184293,0.07956225054356278
LUAD,7,Cell cycle,124,0.5544554455445545,0.21615152746047533,0.21615152746047533
LUAD,7,Cellular senescence,111,1.0,0.0,0.05757742280274135
LUAD,7,Central carbon metabolism in cancer,19,1.0,0.0,0.08094443260026601
LUAD,7,Chemical carcinogenesis,120,1.0,0.0,0.06345614328437647
LUAD,7,Chemokine signaling pathway,16,0.04950495049504951,0.5137610325655466,0.08363777250349558
LUAD,7,Colorectal cancer,6,1.0,0.0,0.07570777890141958
LUAD,7,Cytokine-cytokine receptor interaction,112,1.0,0.0,0.05985882788270124
LUAD,7,DNA replication,29,0.039603960396039604,0.53216788794947,0.10211722381709935
LUAD,7,ECM-receptor interaction,50,1.0,0.0,0.07676359365618012
LUAD,7,ErbB signaling pathway,11,1.0,0.0,0.07232652209803955
LUAD,7,Ferroptosis,33,1.0,0.0,0.09351907253470684
LUAD,7,Focal adhesion,25,1.0,0.0,0.06834083992235933
LUAD,7,FoxO signaling pathway,29,1.0,0.0,0.09048198442978815
LUAD,7,Gastric cancer,7,1.0,0.0,0.06740021889148624
LUAD,7,Glycolysis / Gluconeogenesis,30,0.039603960396039604,0.24893200866215914,0.06725361857216666
LUAD,7,HIF-1 signaling pathway,35,1.0,0.0,0.07656240689222248
LUAD,7,Hedgehog signaling pathway,38,1.0,0.0,0.059557513171445225
LUAD,7,Hepatocellular carcinoma,25,0.04950495049504951,0.24774991543353217,0.06832815358937633
LUAD,7,Hippo signaling pathway,73,1.0,0.0,0.08861502815436308
LUAD,7,Homologous recombination,25,1.0,0.0,0.07731191623095073
LUAD,7,JAK-STAT signaling pathway,91,0.3564356435643564,0.12253669647176509,0.09129390333094256
LUAD,7,MAPK signaling pathway,212,1.0,0.08861722306967716,0.08861722306967716
LUAD,7,Mismatch repair,3,1.0,0.0,0.07212480300024612
LUAD,7,Mitophagy,34,1.0,0.0,0.08711887742250579
LUAD,7,NF-kappa B signaling pathway,46,1.0,0.0,0.08669245218311936
LUAD,7,Natural killer cell mediated cytotoxicity,35,1.0,0.0,0.05854197640623569
LUAD,7,Necroptosis,122,1.0,0.0,0.04158980338315944
LUAD,7,Non-small cell lung cancer,5,1.0,0.0,0.06852359819826653
LUAD,7,Notch signaling pathway,43,0.32673267326732675,0.11566688087916828,0.0598337454376921
LUAD,7,Oxidative phosphorylation,105,0.6336633663366337,0.06190202762685242,0.06190202762685242
LUAD,7,PD-L1 expression and PD-1 checkpoint pathway in cancer,17,1.0,0.0,0.075707011228627
LUAD,7,Proteoglycans in cancer,56,0.10891089108910891,0.2693924615235604,0.08848269430823971
LUAD,7,Rap1 signaling pathway,85,0.4158415841584158,0.11635189141078264,0.09673500604830257
LUAD,7,Ras signaling pathway,85,0.1782178217821782,0.17452090002349466,0.10569968084234108
LUAD,7,Regulation of actin cytoskeleton,63,1.0,0.0,0.06343004637381067
LUAD,7,Small cell lung cancer,23,1.0,0.0,0.0584807889111599
LUAD,7,T cell receptor signaling pathway,10,1.0,0.0,0.06749832966399527
LUAD,7,TGF-beta signaling pathway,41,1.0,0.0,0.06580406230841962
LUAD,7,TNF signaling pathway,22,0.04950495049504951,0.23640848597937592,0.08516373071089456
LUAD,7,Transcriptional misregulation in cancer,123,1.0,0.0,0.03881122285393325
LUAD,7,VEGF signaling pathway,5,1.0,0.0,0.08685035188376419
LUAD,7,Viral carcinogenesis,90,1.0,0.0,0.06683355897865231
LUAD,7,Wnt signaling pathway,66,0.6237623762376238,0.06843160017268139,0.07593689167904374
LUAD,7,mTOR signaling pathway,88,0.39603960396039606,0.11799557841631972,0.0860361567533035
LUAD,7,p53 signaling pathway,50,0.0297029702970297,0.360518163559564,0.07557622777829225
LUAD,8,AMPK signaling pathway,74,1.0,0.0,0.08410907151397555
LUAD,8,Antigen processing and presentation,35,0.039603960396039604,0.23842361464424944,0.07611855766267148
LUAD,8,Apoptosis,97,0.5742574257425742,0.06291830010849242,0.06539309505834215
LUAD,8,Autophagy,90,1.0,0.0,0.06126864554477629
LUAD,8,B cell receptor signaling pathway,23,0.07920792079207921,0.2390686442164416,0.10995370587989572
LUAD,8,Base excision repair,16,0.0297029702970297,0.519780970678613,0.07152253908772568
LUAD,8,Breast cancer,4,1.0,0.0,0.06623973773373086
LUAD,8,Cell adhesion molecules,94,0.09900990099009901,0.25131622882170424,0.08935317730423585
LUAD,8,Cell cycle,124,1.0,0.0,0.015070899032538238
LUAD,8,Cellular senescence,111,1.0,0.0,0.044164698674271544
LUAD,8,Central carbon metabolism in cancer,19,1.0,0.0,0.07586801982832245
LUAD,8,Chemical carcinogenesis,120,0.31683168316831684,0.2744085697845349,0.10788742279562218
LUAD,8,Chemokine signaling pathway,16,0.009900990099009901,0.5053272332678013,0.057435154250519135
LUAD,8,Colorectal cancer,6,1.0,0.0,0.07628916808154818
LUAD,8,Cytokine-cytokine receptor interaction,112,0.18811881188118812,0.2721169148545736,0.11315357015347827
LUAD,8,DNA replication,29,0.07920792079207921,0.5143878833736252,0.10024368867388575
LUAD,8,ECM-receptor interaction,50,1.0,0.0,0.07232940370347848
LUAD,8,ErbB signaling pathway,11,1.0,0.0,0.07930848843900787
LUAD,8,Ferroptosis,33,1.0,0.0,0.07173024973479508
LUAD,8,Focal adhesion,25,1.0,0.0,0.06460197072011813
LUAD,8,FoxO signaling pathway,29,0.07920792079207921,0.26894255350795393,0.08290294601684636
LUAD,8,Gastric cancer,7,1.0,0.0,0.0802662452526717
LUAD,8,Glycolysis / Gluconeogenesis,30,0.0594059405940594,0.27346010056267633,0.08358216197968561
LUAD,8,HIF-1 signaling pathway,35,0.09900990099009901,0.23775558563270283,0.07981455713020721
LUAD,8,Hedgehog signaling pathway,38,0.09900990099009901,0.23517672515880833,0.0780431128078339
LUAD,8,Hepatocellular carcinoma,25,1.0,0.0,0.0761023199745575
LUAD,8,Hippo signaling pathway,73,1.0,0.0,0.0767253308329427
LUAD,8,Homologous recombination,25,1.0,0.0,0.06903274556132143
LUAD,8,JAK-STAT signaling pathway,91,0.07920792079207921,0.24241303790948926,0.0851452828570961
LUAD,8,MAPK signaling pathway,212,1.0,0.22307312693800677,0.22307312693800677
LUAD,8,Mismatch repair,3,1.0,0.0,0.08515020562130393
LUAD,8,Mitophagy,34,1.0,0.0,0.07183215309693461
LUAD,8,NF-kappa B signaling pathway,46,0.3564356435643564,0.12228280110560981,0.0823930645974147
LUAD,8,Natural killer cell mediated cytotoxicity,35,1.0,0.0,0.08345548552041691
LUAD,8,Necroptosis,122,0.33663366336633666,0.2063579300946454,0.12388839792222292
LUAD,8,Non-small cell lung cancer,5,1.0,0.0,0.0721875975585416
LUAD,8,Notch signaling pathway,43,0.3465346534653465,0.11877363626278782,0.07748083776707407
LUAD,8,Oxidative phosphorylation,105,0.5247524752475248,0.06925600808858164,0.06925600808858164
LUAD,8,PD-L1 expression and PD-1 checkpoint pathway in cancer,17,1.0,0.0,0.07238661029389169
LUAD,8,Proteoglycans in cancer,56,0.31683168316831684,0.12266191614771219,0.08211063491533288
LUAD,8,Rap1 signaling pathway,85,1.0,0.0,0.08185613478248392
LUAD,8,Ras signaling pathway,85,1.0,0.0,0.07007390109852268
LUAD,8,Regulation of actin cytoskeleton,63,1.0,0.0,0.07097569537979152
LUAD,8,Small cell lung cancer,23,0.07920792079207921,0.23874833006942917,0.07672860178986296
LUAD,8,T cell receptor signaling pathway,10,1.0,0.0,0.06088294925421482
LUAD,8,TGF-beta signaling pathway,41,1.0,0.0,0.08327145719130527
LUAD,8,TNF signaling pathway,22,1.0,0.0,0.08247806444393599
LUAD,8,Transcriptional misregulation in cancer,123,0.27722772277227725,0.20927574061178003,0.1326491260270282
LUAD,8,VEGF signaling pathway,5,1.0,0.0,0.07645189811130039
LUAD,8,Viral carcinogenesis,90,0.5742574257425742,0.060644007451954,0.060644007451954
LUAD,8,Wnt signaling pathway,66,1.0,0.0,0.06247909959869173
LUAD,8,mTOR signaling pathway,88,0.09900990099009901,0.2542291164346956,0.09157607807664025
LUAD,8,p53 signaling pathway,50,1.0,0.0,0.05656994865996069
LUAD,9,AMPK signaling pathway,74,1.0,0.0,0.06785352649466608
LUAD,9,Antigen processing and presentation,35,0.13861386138613863,0.24342619699280968,0.06510351099090382
LUAD,9,Apoptosis,97,0.2871287128712871,0.12609062190706363,0.07742797817369589
LUAD,9,Autophagy,90,0.2376237623762376,0.11904374098133644,0.058043079454956306
LUAD,9,B cell receptor signaling pathway,23,1.0,0.0,0.08132311419051098
LUAD,9,Base excision repair,16,0.009900990099009901,0.4401796535941109,0.061895335734687584
LUAD,9,Breast cancer,4,1.0,0.0,0.09038515533904092
LUAD,9,Cell adhesion molecules,94,1.0,0.0,0.08362160669882492
LUAD,9,Cell cycle,124,0.7722772277227723,0.06907668372433808,0.06907668372433808
LUAD,9,Cellular senescence,111,0.3465346534653465,0.12854526353157003,0.08428098545415527
LUAD,9,Central carbon metabolism in cancer,19,1.0,0.0,0.07564526496083948
LUAD,9,Chemical carcinogenesis,120,0.6534653465346535,0.06582721209525912,0.06678088994764718
LUAD,9,Chemokine signaling pathway,16,1.0,0.0,0.08378059173362062
LUAD,9,Colorectal cancer,6,1.0,0.0,0.0726427954816059
LUAD,9,Cytokine-cytokine receptor interaction,112,0.38613861386138615,0.13850644303791795,0.09742765108230436
LUAD,9,DNA replication,29,1.0,0.0,0.0795349100895561
LUAD,9,ECM-receptor interaction,50,0.2871287128712871,0.12392921255406024,0.0784170251202202
LUAD,9,ErbB signaling pathway,11,1.0,0.0,0.06855214474715934
LUAD,9,Ferroptosis,33,1.0,0.0,0.07829153676332881
LUAD,9,Focal adhesion,25,0.10891089108910891,0.2260473262172908,0.08056797146752145
LUAD,9,FoxO signaling pathway,29,0.0594059405940594,0.26671838441753026,0.08346643512227114
LUAD,9,Gastric cancer,7,1.0,0.0,0.08979637394010682
LUAD,9,Glycolysis / Gluconeogenesis,30,0.0297029702970297,0.5138748349885983,0.08641181284021121
LUAD,9,HIF-1 signaling pathway,35,1.0,0.0,0.08230110006744175
LUAD,9,Hedgehog signaling pathway,38,1.0,0.0,0.06759413938441282
LUAD,9,Hepatocellular carcinoma,25,0.0891089108910891,0.23370658597576097,0.09556411837113896
LUAD,9,Hippo signaling pathway,73,0.6237623762376238,0.06136233505704565,0.07051814823695732
LUAD,9,Homologous recombination,25,0.039603960396039604,0.2368308229465378,0.1036199348546246
LUAD,9,JAK-STAT signaling pathway,91,0.3069306930693069,0.127659089649849,0.08867580819209231
LUAD,9,MAPK signaling pathway,212,1.0,0.06663487237392071,0.06663487237392071
LUAD,9,Mismatch repair,3,1.0,0.0,0.06558378485205126
LUAD,9,Mitophagy,34,1.0,0.0,0.0692619019282239
LUAD,9,NF-kappa B signaling pathway,46,0.07920792079207921,0.22784173096271546,0.08288260941136373
LUAD,9,Natural killer cell mediated cytotoxicity,35,0.04950495049504951,0.25841577251513465,0.08095095538473769
LUAD,9,Necroptosis,122,1.0,0.0,0.05050576011201229
LUAD,9,Non-small cell lung cancer,5,1.0,0.0,0.06552480924081784
LUAD,9,Notch signaling pathway,43,0.31683168316831684,0.11271245209860685,0.06705920066999722
LUAD,9,Oxidative phosphorylation,105,0.6138613861386139,0.06665871382697756,0.06665871382697756
LUAD,9,PD-L1 expression and PD-1 checkpoint pathway in cancer,17,1.0,0.0,0.07885387282500586
LUAD,9,Proteoglycans in cancer,56,1.0,0.0,0.07696195295830652
LUAD,9,Rap1 signaling pathway,85,1.0,0.0,0.07940603593379354
LUAD,9,Ras signaling pathway,85,0.1188118811881188,0.22021178781373826,0.09164018008355906
LUAD,9,Regulation of actin cytoskeleton,63,0.1782178217821782,0.1422399205197913,0.07859427477481391
LUAD,9,Small cell lung cancer,23,0.04950495049504951,0.24115905395657508,0.07599481619313839
LUAD,9,T cell receptor signaling pathway,10,1.0,0.0,0.09481763748708957
LUAD,9,TGF-beta signaling pathway,41,0.4158415841584158,0.11479406580866322,0.09211269302088168
LUAD,9,TNF signaling pathway,22,1.0,0.0,0.07764706325775392
LUAD,9,Transcriptional misregulation in cancer,123,0.3465346534653465,0.27324162888338666,0.12884065680829815
LUAD,9,VEGF signaling pathway,5,1.0,0.0,0.07182556892032102
LUAD,9,Viral carcinogenesis,90,1.0,0.0,0.08041214106138193
LUAD,9,Wnt signaling pathway,66,0.3069306930693069,0.13509780280284306,0.08608881734306895
LUAD,9,mTOR signaling pathway,88,0.6237623762376238,0.06589527832027185,0.07237460480842708
LUAD,9,p53 signaling pathway,50,1.0,0.0,0.07888660858776872
LUAD,10,AMPK signaling pathway,74,0.18811881188118812,0.1878277436016189,0.0918030812049852
LUAD,10,Antigen processing and presentation,35,1.0,0.0,0.07828656543104012
LUAD,10,Apoptosis,97,0.6138613861386139,0.06263726796084798,0.06263726796084798
LUAD,10,Autophagy,90,0.5445544554455446,0.06301002298536282,0.0654539278806531
LUAD,10,B cell receptor signaling pathway,23,0.039603960396039604,0.23663048667246692,0.08726348612389506
LUAD,10,Base excision repair,16,0.0594059405940594,0.4296911083266315,0.081360446296501
LUAD,10,Breast cancer,4,1.0,0.0,0.08183246209047451
LUAD,10,Cell adhesion molecules,94,1.0,0.0,0.05934750985213793
LUAD,10,Cell cycle,124,0.6039603960396039,0.13750647100260358,0.13750647100260358
LUAD,10,Cellular senescence,111,0.6435643564356436,0.06520255467738718,0.06569318019817053
LUAD,10,Central carbon metabolism in cancer,19,1.0,0.0,0.09852182418681805
LUAD,10,Chemical carcinogenesis,120,0.21782178217821782,0.27960793240659765,0.09176109369400132
LUAD,10,Chemokine signaling pathway,16,0.039603960396039604,0.8551539882139837,0.07471326567085981
LUAD,10,Colorectal cancer,6,1.0,0.0,0.0712397299318524
LUAD,10,Cytokine-cytokine receptor interaction,112,0.6732673267326733,0.06909549440304667,0.06909549440304667
LUAD,10,DNA replication,29,1.0,0.0,0.0722579543723795
LUAD,10,ECM-receptor interaction,50,1.0,0.0,0.08307508953682295
LUAD,10,ErbB signaling pathway,11,1.0,0.0,0.0548746179834311
LUAD,10,Ferroptosis,33,1.0,0.0,0.07880117948791794
LUAD,10,Focal adhesion,25,0.06930693069306931,0.24008380226145457,0.09657821831873506
LUAD,10,FoxO signaling pathway,29,0.0297029702970297,0.5127402015993353,0.06826165769591697
LUAD,10,Gastric cancer,7,1.0,0.0,0.07494414852270354
LUAD,10,Glycolysis / Gluconeogenesis,30,1.0,0.0,0.05635106562849253
LUAD,10,HIF-1 signaling pathway,35,1.0,0.0,0.0838267583163462
LUAD,10,Hedgehog signaling pathway,38,1.0,0.0,0.06602362718486396
LUAD,10,Hepatocellular carcinoma,25,0.0891089108910891,0.24174952311810047,0.08363138769256784
LUAD,10,Hippo signaling pathway,73,1.0,0.0,0.08551246699202482
LUAD,10,Homologous recombination,25,0.04950495049504951,0.2435472985360417,0.07732786794341837
LUAD,10,JAK-STAT signaling pathway,91,0.43564356435643564,0.11731921598302293,0.10377023390332905
LUAD,10,MAPK signaling pathway,212,1.0,0.03427347735092064,0.03427347735092064
LUAD,10,Mismatch repair,3,1.0,0.0,0.09056609875885849
LUAD,10,Mitophagy,34,1.0,0.0,0.08666457143250783
LUAD,10,NF-kappa B signaling pathway,46,1.0,0.0,0.06950717734551948
LUAD,10,Natural killer cell mediated cytotoxicity,35,0.0594059405940594,0.4867193361962891,0.0893471828677325
LUAD,10,Necroptosis,122,0.44554455445544555,0.14431612930813018,0.10190233762400099
LUAD,10,Non-small cell lung cancer,5,1.0,0.0,0.06543880392263637
LUAD,10,Notch signaling pathway,43,1.0,0.0,0.06255157994292757
LUAD,10,Oxidative phosphorylation,105,0.5643564356435643,0.06157941234402478,0.06157941234402478
LUAD,10,PD-L1 expression and PD-1 checkpoint pathway in cancer,17,1.0,0.0,0.07590462829750465
LUAD,10,Proteoglycans in cancer,56,0.25742574257425743,0.13285272299826964,0.07098443038901284
LUAD,10,Rap1 signaling pathway,85,0.5742574257425742,0.06439638731706378,0.06439638731706378
LUAD,10,Ras signaling pathway,85,1.0,0.0,0.06439638731706378
LUAD,10,Regulation of actin cytoskeleton,63,0.16831683168316833,0.14330931687520929,0.06710187749434107
LUAD,10,Small cell lung cancer,23,1.0,0.0,0.08444359320012296
LUAD,10,T cell receptor signaling pathway,10,1.0,0.0,0.08608200529735602
LUAD,10,TGF-beta signaling pathway,41,0.297029702970297,0.11857732997466244,0.07194455400945146
LUAD,10,TNF signaling pathway,22,0.009900990099009901,0.4298575971965803,0.06475925574416135
LUAD,10,Transcriptional misregulation in cancer,123,0.6732673267326733,0.06887516030863894,0.06887516030863894
LUAD,10,VEGF signaling pathway,5,1.0,0.0,0.07385280088128962
LUAD,10,Viral carcinogenesis,90,1.0,0.0,0.06301002298536282
LUAD,10,Wnt signaling pathway,66,1.0,0.0,0.07124245909247685
LUAD,10,mTOR signaling pathway,88,0.43564356435643564,0.11946703487871152,0.09405545439656446
LUAD,10,p53 signaling pathway,50,1.0,0.0,0.05345196608016014
LUAD,11,AMPK signaling pathway,74,0.19801980198019803,0.1792660305701582,0.0723719906336592
LUAD,11,Antigen processing and presentation,35,0.0891089108910891,0.2514611694668093,0.06911686825520325
LUAD,11,Apoptosis,97,0.7623762376237624,0.05889572129134522,0.07532164340653907
LUAD,11,Autophagy,90,1.0,0.0,0.05667032956411683
LUAD,11,B cell receptor signaling pathway,23,0.04950495049504951,0.24287144744527853,0.06293197766972058
LUAD,11,Base excision repair,16,0.04950495049504951,0.4269227060509854,0.0834421435867031
LUAD,11,Breast cancer,4,1.0,0.0,0.06264091902929722
LUAD,11,Cell adhesion molecules,94,1.0,0.0,0.06387155915807402
LUAD,11,Cell cycle,124,0.7920792079207921,0.06545422887598007,0.06545422887598007
LUAD,11,Cellular senescence,111,0.7524752475247525,0.06165949474190658,0.06649071097996964
LUAD,11,Central carbon metabolism in cancer,19,0.09900990099009901,0.21668252255815373,0.07954841105911337
LUAD,11,Chemical carcinogenesis,120,0.5247524752475248,0.07306564390737079,0.07306564390737079
LUAD,11,Chemokine signaling pathway,16,0.039603960396039604,0.9338000017704596,0.08287141819667301
LUAD,11,Colorectal cancer,6,1.0,0.0,0.06247579074769481
LUAD,11,Cytokine-cytokine receptor interaction,112,1.0,0.0,0.055767945504042626
LUAD,11,DNA replication,29,1.0,0.0,0.06630097364014784
LUAD,11,ECM-receptor interaction,50,0.297029702970297,0.1274909973357261,0.09019786596611606
LUAD,11,ErbB signaling pathway,11,1.0,0.0,0.06543026956796869
LUAD,11,Ferroptosis,33,1.0,0.0,0.08301292527045995
LUAD,11,Focal adhesion,25,1.0,0.0,0.06556044136925987
LUAD,11,FoxO signaling pathway,29,1.0,0.0,0.07452922261884272
LUAD,11,Gastric cancer,7,1.0,0.0,0.08414338211798253
LUAD,11,Glycolysis / Gluconeogenesis,30,0.07920792079207921,0.2706560004873407,0.084781618959882
LUAD,11,HIF-1 signaling pathway,35,1.0,0.0,0.10608686968805042
LUAD,11,Hedgehog signaling pathway,38,1.0,0.0,0.08376236276720025
LUAD,11,Hepatocellular carcinoma,25,1.0,0.0,0.06593400538960642
LUAD,11,Hippo signaling pathway,73,1.0,0.0,0.06616312263617995
LUAD,11,Homologous recombination,25,1.0,0.0,0.07538277032859873
LUAD,11,JAK-STAT signaling pathway,91,0.16831683168316833,0.17596764907106707,0.09236803495319273
LUAD,11,MAPK signaling pathway,212,1.0,0.12686265993028056,0.12686265993028056
LUAD,11,Mismatch repair,3,1.0,0.0,0.06685210714740072
LUAD,11,Mitophagy,34,1.0,0.0,0.06331689528413245
LUAD,11,NF-kappa B signaling pathway,46,1.0,0.0,0.08826718745714174
LUAD,11,Natural killer cell mediated cytotoxicity,35,1.0,0.0,0.07937104402268896
LUAD,11,Necroptosis,122,1.0,0.0,0.04264974211481622
LUAD,11,Non-small cell lung cancer,5,1.0,0.0,0.060473814551709644
LUAD,11,Notch signaling pathway,43,1.0,0.0,0.09295315640082757
LUAD,11,Oxidative phosphorylation,105,1.0,0.0,0.05426250956199963
LUAD,11,PD-L1 expression and PD-1 checkpoint pathway in cancer,17,1.0,0.0,0.10597262245350043
LUAD,11,Proteoglycans in cancer,56,0.07920792079207921,0.3957091199520992,0.07088532922220844
LUAD,11,Rap1 signaling pathway,85,1.0,0.0,0.064102687850862
LUAD,11,Ras signaling pathway,85,0.5742574257425742,0.064102687850862,0.064102687850862
LUAD,11,Regulation of actin cytoskeleton,63,1.0,0.0,0.0867459848811666
LUAD,11,Small cell lung cancer,23,1.0,0.0,0.09073388267556276
LUAD,11,T cell receptor signaling pathway,10,1.0,0.0,0.08664368788963367
LUAD,11,TGF-beta signaling pathway,41,0.25742574257425743,0.1155890658225645,0.06503408882896844
LUAD,11,TNF signaling pathway,22,0.09900990099009901,0.23045598836549314,0.07921363697210579
LUAD,11,Transcriptional misregulation in cancer,123,0.6633663366336634,0.06635859902104933,0.06635859902104933
LUAD,11,VEGF signaling pathway,5,1.0,0.0,0.06537286915510337
LUAD,11,Viral carcinogenesis,90,1.0,0.0,0.06135334826774911
LUAD,11,Wnt signaling pathway,66,0.5346534653465347,0.07056578812478456,0.07056578812478456
LUAD,11,mTOR signaling pathway,88,0.1188118811881188,0.30624338690346536,0.08676535987456357
LUAD,11,p53 signaling pathway,50,0.42574257425742573,0.117632035138971,0.1024900455352362
LUAD,12,AMPK signaling pathway,74,0.32673267326732675,0.12125734118057069,0.08200729391353448
LUAD,12,Antigen processing and presentation,35,0.039603960396039604,0.5252713193335561,0.08331901143095596
LUAD,12,Apoptosis,97,0.594059405940594,0.0661356688938258,0.0661356688938258
LUAD,12,Autophagy,90,1.0,0.0,0.044601905506224844
LUAD,12,B cell receptor signaling pathway,23,0.0891089108910891,0.2413947220026065,0.08591649594079723
LUAD,12,Base excision repair,16,0.009900990099009901,0.5212004934966472,0.08490929396657536
LUAD,12,Breast cancer,4,1.0,0.0,0.07269901909058372
LUAD,12,Cell adhesion molecules,94,0.5742574257425742,0.0680625329713661,0.0680625329713661
LUAD,12,Cell cycle,124,0.7326732673267327,0.07153581837559261,0.07153581837559261
LUAD,12,Cellular senescence,111,0.13861386138613863,0.33144055489413077,0.10427258191164085
LUAD,12,Central carbon metabolism in cancer,19,1.0,0.0,0.07810891177113959
LUAD,12,Chemical carcinogenesis,120,1.0,0.0,0.06950870904409044
LUAD,12,Chemokine signaling pathway,16,0.06930693069306931,0.4175775103853621,0.07030025780298116
LUAD,12,Colorectal cancer,6,1.0,0.0,0.0787263024846891
LUAD,12,Cytokine-cytokine receptor interaction,112,0.6534653465346535,0.06708772401225385,0.06708772401225385
LUAD,12,DNA replication,29,1.0,0.0,0.0680011784156885
LUAD,12,ECM-receptor interaction,50,0.10891089108910891,0.24337176020359527,0.09085229200448751
LUAD,12,ErbB signaling pathway,11,1.0,0.0,0.06493383951664171
LUAD,12,Ferroptosis,33,1.0,0.0,0.06528628123622236
LUAD,12,Focal adhesion,25,1.0,0.0,0.07643791529497347
LUAD,12,FoxO signaling pathway,29,1.0,0.0,0.07761112540850679
LUAD,12,Gastric cancer,7,1.0,0.0,0.08097100913979503
LUAD,12,Glycolysis / Gluconeogenesis,30,0.019801980198019802,0.27088916673616,0.09920315553921905
LUAD,12,HIF-1 signaling pathway,35,1.0,0.0,0.08964771696954119
LUAD,12,Hedgehog signaling pathway,38,0.40594059405940597,0.11458145589983805,0.08378267688564368
LUAD,12,Hepatocellular carcinoma,25,1.0,0.0,0.08479556996499417
LUAD,12,Hippo signaling pathway,73,0.1782178217821782,0.23472382231228237,0.09518405479434658
LUAD,12,Homologous recombination,25,1.0,0.0,0.05334474963378172
LUAD,12,JAK-STAT signaling pathway,91,0.10891089108910891,0.2677711794676948,0.11537938031921065
LUAD,12,MAPK signaling pathway,212,1.0,0.06520941600480727,0.06520941600480727
LUAD,12,Mismatch repair,3,1.0,0.0,0.09638757478472437
LUAD,12,Mitophagy,34,0.0297029702970297,0.4074262665243345,0.07674829067569032
LUAD,12,NF-kappa B signaling pathway,46,0.12871287128712872,0.24394821970891953,0.08498296634476372
LUAD,12,Natural killer cell mediated cytotoxicity,35,1.0,0.0,0.07714974068479202
LUAD,12,Necroptosis,122,0.31683168316831684,0.2644320836453687,0.11295351193992088
LUAD,12,Non-small cell lung cancer,5,1.0,0.0,0.0738152792601221
LUAD,12,Notch signaling pathway,43,0.0891089108910891,0.22780700995506326,0.08298386035546887
LUAD,12,Oxidative phosphorylation,105,1.0,0.0,0.06677978078086014
LUAD,12,PD-L1 expression and PD-1 checkpoint pathway in cancer,17,1.0,0.0,0.09164038365002855
LUAD,12,Proteoglycans in cancer,56,1.0,0.0,0.09065862533039702
LUAD,12,Rap1 signaling pathway,85,0.26732673267326734,0.11445860665694546,0.07404850354233367
LUAD,12,Ras signaling pathway,85,0.3465346534653465,0.11365697702253408,0.07935779125749415
LUAD,12,Regulation of actin cytoskeleton,63,0.3465346534653465,0.13931483467344236,0.09599733502423295
LUAD,12,Small cell lung cancer,23,0.06930693069306931,0.5155335148224989,0.0853260638773543
LUAD,12,T cell receptor signaling pathway,10,1.0,0.0,0.10003144927496677
LUAD,12,TGF-beta signaling pathway,41,0.40594059405940597,0.11528193927454808,0.0965635329218728
LUAD,12,TNF signaling pathway,22,0.0891089108910891,0.22816988288931095,0.07619510932915817
LUAD,12,Transcriptional misregulation in cancer,123,1.0,0.0,0.0160828943153996
LUAD,12,VEGF signaling pathway,5,1.0,0.0,0.08105639023881256
LUAD,12,Viral carcinogenesis,90,0.5247524752475248,0.06179049556953739,0.06179049556953739
LUAD,12,Wnt signaling pathway,66,0.10891089108910891,0.18919398137383905,0.07991903312918303
LUAD,12,mTOR signaling pathway,88,0.37623762376237624,0.12662374839496632,0.08824619715219349
LUAD,12,p53 signaling pathway,50,0.4158415841584158,0.12227359826073467,0.0963936046427179
LUAD,13,AMPK signaling pathway,74,0.31683168316831684,0.12377541016881109,0.08433502414663946
LUAD,13,Antigen processing and presentation,35,0.009900990099009901,0.4904743477205995,0.10007669214168524
LUAD,13,Apoptosis,97,0.2079207920792079,0.18713852376382908,0.08148725063642605
LUAD,13,Autophagy,90,0.09900990099009901,0.25298560861624253,0.07290680137541937
LUAD,13,B cell receptor signaling pathway,23,0.039603960396039604,0.2588366335697052,0.08604496385175986
LUAD,13,Base excision repair,16,0.0297029702970297,0.8878962711712379,0.06477098995695274
LUAD,13,Breast cancer,4,1.0,0.0,0.08418788716723524
LUAD,13,Cell adhesion molecules,94,0.6039603960396039,0.0578438290583925,0.06022417209075276
LUAD,13,Cell cycle,124,0.7821782178217822,0.07137055328191771,0.07137055328191771
LUAD,13,Cellular senescence,111,0.24752475247524752,0.21021151712576597,0.09414500415815116
LUAD,13,Central carbon metabolism in cancer,19,1.0,0.0,0.06513009220320523
LUAD,13,Chemical carcinogenesis,120,1.0,0.0,0.07151554668217139
LUAD,13,Chemokine signaling pathway,16,1.0,0.0,0.09058181855863597
LUAD,13,Colorectal cancer,6,1.0,0.0,0.06796691397162524
LUAD,13,Cytokine-cytokine receptor interaction,112,1.0,0.0,0.060126992059971233
LUAD,13,DNA replication,29,0.0594059405940594,0.26624212955673243,0.07636842192851037
LUAD,13,ECM-receptor interaction,50,1.0,0.0,0.06717887487840093
LUAD,13,ErbB signaling pathway,11,1.0,0.0,0.07363633114639391
LUAD,13,Ferroptosis,33,0.04950495049504951,0.392299785944357,0.07727509848095884
LUAD,13,Focal adhesion,25,1.0,0.0,0.09818725842376953
LUAD,13,FoxO signaling pathway,29,1.0,0.0,0.08850237766186841
LUAD,13,Gastric cancer,7,1.0,0.0,0.0665250803478509
LUAD,13,Glycolysis / Gluconeogenesis,30,1.0,0.0,0.06521684989593377
LUAD,13,HIF-1 signaling pathway,35,0.12871287128712872,0.23627005243196764,0.08481436377885329
LUAD,13,Hedgehog signaling pathway,38,0.0891089108910891,0.24640859646939658,0.08054012436301908
LUAD,13,Hepatocellular carcinoma,25,0.06930693069306931,0.22941573387056174,0.06757251325694939
LUAD,13,Hippo signaling pathway,73,0.6138613861386139,0.06306634386563321,0.07327313168892946
LUAD,13,Homologous recombination,25,1.0,0.0,0.0792040652674961
LUAD,13,JAK-STAT signaling pathway,91,0.3069306930693069,0.13341095512774695,0.06863941775651419
LUAD,13,MAPK signaling pathway,212,1.0,0.03287610037487517,0.03287610037487517
LUAD,13,Mismatch repair,3,1.0,0.0,0.08385549321194981
LUAD,13,Mitophagy,34,0.04950495049504951,0.2724789598419013,0.08259505963185594
LUAD,13,NF-kappa B signaling pathway,46,0.297029702970297,0.11605570452878357,0.06493467452680969
LUAD,13,Natural killer cell mediated cytotoxicity,35,0.0891089108910891,0.484521621167344,0.09756276007927443
LUAD,13,Necroptosis,122,0.297029702970297,0.2892977218106472,0.11724125849171374
LUAD,13,Non-small cell lung cancer,5,1.0,0.0,0.08398475454831025
LUAD,13,Notch signaling pathway,43,1.0,0.0,0.05619738047651015
LUAD,13,Oxidative phosphorylation,105,0.5247524752475248,0.06581477209606039,0.06581477209606039
LUAD,13,PD-L1 expression and PD-1 checkpoint pathway in cancer,17,1.0,0.0,0.08289029163925393
LUAD,13,Proteoglycans in cancer,56,1.0,0.0,0.08517822589591789
LUAD,13,Rap1 signaling pathway,85,0.16831683168316833,0.1810914174212278,0.06227273360592253
LUAD,13,Ras signaling pathway,85,1.0,0.0,0.0765254305265001
LUAD,13,Regulation of actin cytoskeleton,63,1.0,0.0,0.0760711401396015
LUAD,13,Small cell lung cancer,23,0.10891089108910891,0.23006679082727924,0.08178914742784679
LUAD,13,T cell receptor signaling pathway,10,1.0,0.0,0.09567540519838233
LUAD,13,TGF-beta signaling pathway,41,1.0,0.0,0.06111290118319766
LUAD,13,TNF signaling pathway,22,1.0,0.0,0.0665493630793488
LUAD,13,Transcriptional misregulation in cancer,123,1.0,0.0,0.01485892219700141
LUAD,13,VEGF signaling pathway,5,1.0,0.0,0.061439146735064246
LUAD,13,Viral carcinogenesis,90,0.6237623762376238,0.06410799202296819,0.06932645558360172
LUAD,13,Wnt signaling pathway,66,0.3069306930693069,0.14104322359201915,0.07861025058232465
LUAD,13,mTOR signaling pathway,88,1.0,0.0,0.06814119097666034
LUAD,13,p53 signaling pathway,50,1.0,0.0,0.06374593197211595
LUAD,14,AMPK signaling pathway,74,0.5643564356435643,0.06392137273145317,0.07372032968718278
LUAD,14,Antigen processing and presentation,35,1.0,0.0,0.07541675441347605
LUAD,14,Apoptosis,97,0.1188118811881188,0.26348323083173286,0.08753260375482391
LUAD,14,Autophagy,90,1.0,0.0,0.04667918859821711
LUAD,14,B cell receptor signaling pathway,23,1.0,0.0,0.060668826823172796
LUAD,14,Base excision repair,16,0.009900990099009901,0.5309708000815695,0.08456348670498887
LUAD,14,Breast cancer,4,1.0,0.0,0.08918167265439733
LUAD,14,Cell adhesion molecules,94,1.0,0.0,0.07695451473307385
LUAD,14,Cell cycle,124,0.7227722772277227,0.07003474397105848,0.07003474397105848
LUAD,14,Cellular senescence,111,1.0,0.0,0.050803482302080455
LUAD,14,Central carbon metabolism in cancer,19,1.0,0.0,0.08138433997524944
LUAD,14,Chemical carcinogenesis,120,1.0,0.0,0.06555033490445457
LUAD,14,Chemokine signaling pathway,16,1.0,0.0,0.06441124276246543
LUAD,14,Colorectal cancer,6,1.0,0.0,0.0756690770851354
LUAD,14,Cytokine-cytokine receptor interaction,112,0.6237623762376238,0.06969146799004129,0.06969146799004129
LUAD,14,DNA replication,29,0.04950495049504951,0.2665593489347734,0.07697395095950778
LUAD,14,ECM-receptor interaction,50,0.0891089108910891,0.23979987475287995,0.06530778076008256
LUAD,14,ErbB signaling pathway,11,1.0,0.0,0.07366109803762327
LUAD,14,Ferroptosis,33,1.0,0.0,0.08390444216133545
LUAD,14,Focal adhesion,25,1.0,0.0,0.08947085358819132
LUAD,14,FoxO signaling pathway,29,1.0,0.0,0.06890168915081488
LUAD,14,Gastric cancer,7,0.0297029702970297,0.7387743537695023,0.07828868646376755
LUAD,14,Glycolysis / Gluconeogenesis,30,0.0297029702970297,0.5032828902896547,0.0761414005193588
LUAD,14,HIF-1 signaling pathway,35,0.039603960396039604,0.22721917090895222,0.07539180920968017
LUAD,14,Hedgehog signaling pathway,38,0.1188118811881188,0.2589021240671513,0.09642605272447763
LUAD,14,Hepatocellular carcinoma,25,1.0,0.0,0.08047176482013904
LUAD,14,Hippo signaling pathway,73,1.0,0.0,0.0762669752118863
LUAD,14,Homologous recombination,25,0.0594059405940594,0.2375023038034452,0.08106843022934168
LUAD,14,JAK-STAT signaling pathway,91,0.0891089108910891,0.3195696214827688,0.09188978040822685
LUAD,14,MAPK signaling pathway,212,1.0,0.16017060698492502,0.16017060698492502
LUAD,14,Mismatch repair,3,1.0,0.0,0.08382891286059319
LUAD,14,Mitophagy,34,1.0,0.0,0.07874954936475562
LUAD,14,NF-kappa B signaling pathway,46,0.10891089108910891,0.25508636574239535,0.06550129264785651
LUAD,14,Natural killer cell mediated cytotoxicity,35,1.0,0.0,0.06970936783970812
LUAD,14,Necroptosis,122,0.504950495049505,0.13804510109689344,0.13695190730548312
LUAD,14,Non-small cell lung cancer,5,1.0,0.0,0.0655181020060041
LUAD,14,Notch signaling pathway,43,0.09900990099009901,0.21475409690812014,0.09187783696978537
LUAD,14,Oxidative phosphorylation,105,0.594059405940594,0.06779432281351844,0.06779432281351844
LUAD,14,PD-L1 expression and PD-1 checkpoint pathway in cancer,17,1.0,0.0,0.059529602210376224
LUAD,14,Proteoglycans in cancer,56,1.0,0.0,0.09799788424418376
LUAD,14,Rap1 signaling pathway,85,1.0,0.0,0.08575747009692301
LUAD,14,Ras signaling pathway,85,0.13861386138613863,0.18210740673690662,0.07523120148115224
LUAD,14,Regulation of actin cytoskeleton,63,0.0594059405940594,0.28668779490333246,0.09246082172862363
LUAD,14,Small cell lung cancer,23,1.0,0.0,0.05892543919232407
LUAD,14,T cell receptor signaling pathway,10,1.0,0.0,0.07415243564119497
LUAD,14,TGF-beta signaling pathway,41,0.0891089108910891,0.2559963164284989,0.07099383634807956
LUAD,14,TNF signaling pathway,22,1.0,0.0,0.07440163619913082
LUAD,14,Transcriptional misregulation in cancer,123,0.46534653465346537,0.2053077060532144,0.1569741703598892
LUAD,14,VEGF signaling pathway,5,1.0,0.0,0.07381189183439141
LUAD,14,Viral carcinogenesis,90,1.0,0.0,0.057713739150453955
LUAD,14,Wnt signaling pathway,66,0.09900990099009901,0.2650703769663132,0.08776529572617281
LUAD,14,mTOR signaling pathway,88,0.5643564356435643,0.06456507110412742,0.06867954727529677
LUAD,14,p53 signaling pathway,50,1.0,0.0,0.06311431707201931
LUAD,15,AMPK signaling pathway,74,0.1188118811881188,0.22997107456407295,0.09212006614494767
LUAD,15,Antigen processing and presentation,35,1.0,0.0,0.08821872714953674
LUAD,15,Apoptosis,97,0.5841584158415841,0.061726469274976395,0.06544139185049645
LUAD,15,Autophagy,90,0.6237623762376238,0.06037968115803345,0.06784754334098664
LUAD,15,B cell receptor signaling pathway,23,0.04950495049504951,0.23978252414389115,0.08286540745746374
LUAD,15,Base excision repair,16,1.0,0.0,0.08137196920849306
LUAD,15,Breast cancer,4,1.0,0.0,0.10300069196640149
LUAD,15,Cell adhesion molecules,94,0.3465346534653465,0.12588510602280037,0.08712900873075588
LUAD,15,Cell cycle,124,0.7722772277227723,0.0691226309631762,0.0691226309631762
LUAD,15,Cellular senescence,111,1.0,0.0,0.0821803698248777
LUAD,15,Central carbon metabolism in cancer,19,1.0,0.0,0.06378827573965443
LUAD,15,Chemical carcinogenesis,120,1.0,0.0,0.05857526479104397
LUAD,15,Chemokine signaling pathway,16,1.0,0.0,0.07099280497164605
LUAD,15,Colorectal cancer,6,1.0,0.0,0.07528997156586537
LUAD,15,Cytokine-cytokine receptor interaction,112,0.4158415841584158,0.13324790717472537,0.10738256666147261
LUAD,15,DNA replication,29,1.0,0.0,0.085711105812186
LUAD,15,ECM-receptor interaction,50,0.27722772277227725,0.12118411769058476,0.07351850996695333
LUAD,15,ErbB signaling pathway,11,1.0,0.0,0.08141021028278178
LUAD,15,Ferroptosis,33,1.0,0.0,0.06157398448254233
LUAD,15,Focal adhesion,25,1.0,0.0,0.08460288952144294
LUAD,15,FoxO signaling pathway,29,1.0,0.0,0.07065907445405892
LUAD,15,Gastric cancer,7,0.0297029702970297,0.744246831182308,0.09565521259247128
LUAD,15,Glycolysis / Gluconeogenesis,30,0.04950495049504951,0.49719244947256175,0.06712411017720965
LUAD,15,HIF-1 signaling pathway,35,0.039603960396039604,0.5005514562743275,0.07887281000427578
LUAD,15,Hedgehog signaling pathway,38,1.0,0.0,0.07628193322507572
LUAD,15,Hepatocellular carcinoma,25,1.0,0.0,0.08956929966870576
LUAD,15,Hippo signaling pathway,73,1.0,0.0,0.059404386178911785
LUAD,15,Homologous recombination,25,0.06930693069306931,0.24289548817262716,0.07474457302670487
LUAD,15,JAK-STAT signaling pathway,91,1.0,0.0,0.06532827547177503
LUAD,15,MAPK signaling pathway,212,1.0,0.06641333303494383,0.06641333303494383
LUAD,15,Mismatch repair,3,1.0,0.0,0.08535077902929063
LUAD,15,Mitophagy,34,1.0,0.0,0.0793309619740056
LUAD,15,NF-kappa B signaling pathway,46,1.0,0.0,0.06725705724680409
LUAD,15,Natural killer cell mediated cytotoxicity,35,0.13861386138613863,0.228409431388765,0.09688010532478376
LUAD,15,Necroptosis,122,0.6435643564356436,0.07173256344860426,0.07173256344860426
LUAD,15,Non-small cell lung cancer,5,1.0,0.0,0.08420324910438703
LUAD,15,Notch signaling pathway,43,0.12871287128712872,0.2309917894730008,0.06397025185388791
LUAD,15,Oxidative phosphorylation,105,0.5643564356435643,0.06632039010248901,0.06632039010248901
LUAD,15,PD-L1 expression and PD-1 checkpoint pathway in cancer,17,1.0,0.0,0.061890552345958125
LUAD,15,Proteoglycans in cancer,56,0.2871287128712871,0.1339924264944644,0.07644767642759971
LUAD,15,Rap1 signaling pathway,85,1.0,0.0,0.0684638802862541
LUAD,15,Ras signaling pathway,85,0.5544554455445545,0.06075583108752399,0.06101038874179804
LUAD,15,Regulation of actin cytoskeleton,63,1.0,0.0,0.06673462858842713
LUAD,15,Small cell lung cancer,23,0.0297029702970297,0.470397104635806,0.08180496518808297
LUAD,15,T cell receptor signaling pathway,10,1.0,0.0,0.07812695358930494
LUAD,15,TGF-beta signaling pathway,41,0.1485148514851485,0.2237147398777306,0.0766027058077585
LUAD,15,TNF signaling pathway,22,1.0,0.0,0.07845639952855685
LUAD,15,Transcriptional misregulation in cancer,123,0.39603960396039606,0.20765775729216523,0.14395137119153964
LUAD,15,VEGF signaling pathway,5,1.0,0.0,0.08119847338757466
LUAD,15,Viral carcinogenesis,90,1.0,0.0,0.06037968115803345
LUAD,15,Wnt signaling pathway,66,1.0,0.0,0.07199714681850508
LUAD,15,mTOR signaling pathway,88,0.18811881188118812,0.18518177553013287,0.08965248317362179
LUAD,15,p53 signaling pathway,50,0.22772277227722773,0.12881159736967207,0.0916274016178164
LUAD,16,AMPK signaling pathway,74,1.0,0.0,0.06097394872411036
LUAD,16,Antigen processing and presentation,35,1.0,0.0,0.0705606402594725
LUAD,16,Apoptosis,97,0.6435643564356436,0.06115712992219345,0.06776984866880745
LUAD,16,Autophagy,90,0.26732673267326734,0.12183808358509589,0.06052675675986566
LUAD,16,B cell receptor signaling pathway,23,1.0,0.0,0.07303322919797381
LUAD,16,Base excision repair,16,0.019801980198019802,0.5240747827172991,0.08523375925710351
LUAD,16,Breast cancer,4,1.0,0.0,0.06495963871706686
LUAD,16,Cell adhesion molecules,94,0.44554455445544555,0.11834999512526112,0.10412390940483407
LUAD,16,Cell cycle,124,0.5643564356435643,0.20501631232618903,0.20501631232618903
LUAD,16,Cellular senescence,111,0.7029702970297029,0.06818932390244112,0.07213952585402097
LUAD,16,Central carbon metabolism in cancer,19,1.0,0.0,0.07882655009332429
LUAD,16,Chemical carcinogenesis,120,0.6732673267326733,0.06878433852732221,0.06962742181853743
LUAD,16,Chemokine signaling pathway,16,0.039603960396039604,0.4365055376498413,0.0806396697821283
LUAD,16,Colorectal cancer,6,1.0,0.0,0.08178429521812709
LUAD,16,Cytokine-cytokine receptor interaction,112,1.0,0.0,0.06476764648314098
LUAD,16,DNA replication,29,1.0,0.0,0.07023265584626301
LUAD,16,ECM-receptor interaction,50,0.37623762376237624,0.11424972839363844,0.08432433896313907
LUAD,16,ErbB signaling pathway,11,1.0,0.0,0.08377551942869327
LUAD,16,Ferroptosis,33,1.0,0.0,0.06204767448934238
LUAD,16,Focal adhesion,25,1.0,0.0,0.07993090675043092
LUAD,16,FoxO signaling pathway,29,1.0,0.0,0.0715764067938103
LUAD,16,Gastric cancer,7,1.0,0.0,0.06897774088047844
LUAD,16,Glycolysis / Gluconeogenesis,30,1.0,0.0,0.07340113825254785
LUAD,16,HIF-1 signaling pathway,35,0.06930693069306931,0.24031632900095684,0.06982584992547589
LUAD,16,Hedgehog signaling pathway,38,1.0,0.0,0.08683624942153048
LUAD,16,Hepatocellular carcinoma,25,1.0,0.0,0.07028784840406274
LUAD,16,Hippo signaling pathway,73,0.0594059405940594,0.2522148863713834,0.07733926794095725
LUAD,16,Homologous recombination,25,1.0,0.0,0.0724118183807948
LUAD,16,JAK-STAT signaling pathway,91,1.0,0.0,0.08325088460523387
LUAD,16,MAPK signaling pathway,212,1.0,0.03062563989419954,0.03062563989419954
LUAD,16,Mismatch repair,3,1.0,0.0,0.07822795073099145
LUAD,16,Mitophagy,34,1.0,0.0,0.08819318871190064
LUAD,16,NF-kappa B signaling pathway,46,1.0,0.0,0.08113829911944632
LUAD,16,Natural killer cell mediated cytotoxicity,35,1.0,0.0,0.05846789213065515
LUAD,16,Necroptosis,122,0.4158415841584158,0.14482819587606738,0.11659959589210322
LUAD,16,Non-small cell lung cancer,5,1.0,0.0,0.06485536866198899
LUAD,16,Notch signaling pathway,43,1.0,0.0,0.08479897724993767
LUAD,16,Oxidative phosphorylation,105,1.0,0.0,0.07127651258861545
LUAD,16,PD-L1 expression and PD-1 checkpoint pathway in cancer,17,1.0,0.0,0.06546095812067917
LUAD,16,Proteoglycans in cancer,56,0.26732673267326734,0.13305382691917872,0.07231560783302371
LUAD,16,Rap1 signaling pathway,85,0.33663366336633666,0.12709733075430588,0.09465570580290025
LUAD,16,Ras signaling pathway,85,0.15841584158415842,0.1875946966651718,0.09694971862253343
LUAD,16,Regulation of actin cytoskeleton,63,0.2871287128712871,0.14253538114674336,0.08734602092160401
LUAD,16,Small cell lung cancer,23,0.09900990099009901,0.2376598061775014,0.0843708522328678
LUAD,16,T cell receptor signaling pathway,10,1.0,0.0,0.07476845816662714
LUAD,16,TGF-beta signaling pathway,41,1.0,0.0,0.08768634243536935
LUAD,16,TNF signaling pathway,22,0.039603960396039604,0.22661144847143438,0.06312927751315583
LUAD,16,Transcriptional misregulation in cancer,123,0.6831683168316832,0.06949297681282764,0.06949297681282764
LUAD,16,VEGF signaling pathway,5,1.0,0.0,0.06577855056161946
LUAD,16,Viral carcinogenesis,90,0.7128712871287128,0.05951833259737567,0.07828042578298416
LUAD,16,Wnt signaling pathway,66,1.0,0.0,0.07094288263247708
LUAD,16,mTOR signaling pathway,88,0.19801980198019803,0.17917802722124385,0.08347193010856768
LUAD,16,p53 signaling pathway,50,1.0,0.0,0.08007080170949055
LUAD,17,AMPK signaling pathway,74,1.0,0.0,0.0751296660849197
LUAD,17,Antigen processing and presentation,35,0.039603960396039604,0.25451736304825734,0.09198174255279631
LUAD,17,Apoptosis,97,0.6633663366336634,0.06402504427659646,0.07185854150989178
LUAD,17,Autophagy,90,0.16831683168316833,0.2331769726535462,0.10727685890453484
LUAD,17,B cell receptor signaling pathway,23,1.0,0.0,0.0668098635523496
LUAD,17,Base excision repair,16,0.04950495049504951,0.44468400238533273,0.06132618052286744
LUAD,17,Breast cancer,4,1.0,0.0,0.08844212550049683
LUAD,17,Cell adhesion molecules,94,0.16831683168316833,0.24324941083481244,0.0853221406394698
LUAD,17,Cell cycle,124,0.7623762376237624,0.07155425211681532,0.07155425211681532
LUAD,17,Cellular senescence,111,1.0,0.0,0.04882207936445271
LUAD,17,Central carbon metabolism in cancer,19,0.0594059405940594,0.21113363568289903,0.06431398280534621
LUAD,17,Chemical carcinogenesis,120,1.0,0.0,0.05533649997657914
LUAD,17,Chemokine signaling pathway,16,1.0,0.0,0.08774100194528106
LUAD,17,Colorectal cancer,6,1.0,0.0,0.0770316070249849
LUAD,17,Cytokine-cytokine receptor interaction,112,1.0,0.0,0.07757922102003457
LUAD,17,DNA replication,29,1.0,0.0,0.08076164298375207
LUAD,17,ECM-receptor interaction,50,1.0,0.0,0.07286146238588301
LUAD,17,ErbB signaling pathway,11,1.0,0.0,0.08514345579858124
LUAD,17,Ferroptosis,33,1.0,0.0,0.08452471502354489
LUAD,17,Focal adhesion,25,1.0,0.0,0.07009392161238716
LUAD,17,FoxO signaling pathway,29,1.0,0.0,0.08165485611644582
LUAD,17,Gastric cancer,7,1.0,0.0,0.0721235671508354
LUAD,17,Glycolysis / Gluconeogenesis,30,0.07920792079207921,0.26451744064033184,0.07782076273384365
LUAD,17,HIF-1 signaling pathway,35,1.0,0.0,0.0638681169415527
LUAD,17,Hedgehog signaling pathway,38,1.0,0.0,0.06939129534861692
LUAD,17,Hepatocellular carcinoma,25,1.0,0.0,0.061408458800406525
LUAD,17,Hippo signaling pathway,73,1.0,0.0,0.05952421496502147
LUAD,17,Homologous recombination,25,1.0,0.0,0.05628986320008941
LUAD,17,JAK-STAT signaling pathway,91,1.0,0.0,0.07991857425832019
LUAD,17,MAPK signaling pathway,212,1.0,0.22802805782869423,0.22802805782869423
LUAD,17,Mismatch repair,3,1.0,0.0,0.07972619120387212
LUAD,17,Mitophagy,34,1.0,0.0,0.07225270502498843
LUAD,17,NF-kappa B signaling pathway,46,0.2871287128712871,0.12201066370669272,0.09238899883418497
LUAD,17,Natural killer cell mediated cytotoxicity,35,1.0,0.0,0.07139175064338163
LUAD,17,Necroptosis,122,1.0,0.0,0.0620636027892391
LUAD,17,Non-small cell lung cancer,5,1.0,0.0,0.07855940336457642
LUAD,17,Notch signaling pathway,43,1.0,0.0,0.058508172935327805
LUAD,17,Oxidative phosphorylation,105,0.6039603960396039,0.062477073233867655,0.062477073233867655
LUAD,17,PD-L1 expression and PD-1 checkpoint pathway in cancer,17,1.0,0.0,0.07330768400691023
LUAD,17,Proteoglycans in cancer,56,0.31683168316831684,0.12889056344118266,0.07038643242760045
LUAD,17,Rap1 signaling pathway,85,0.6435643564356436,0.061582938813872425,0.0738787784362452
LUAD,17,Ras signaling pathway,85,0.6534653465346535,0.06071297990239696,0.061582938813872425
LUAD,17,Regulation of actin cytoskeleton,63,0.26732673267326734,0.14709362749666302,0.0750822739873871
LUAD,17,Small cell lung cancer,23,1.0,0.0,0.062068786431887304
LUAD,17,T cell receptor signaling pathway,10,1.0,0.0,0.0680793625447273
LUAD,17,TGF-beta signaling pathway,41,1.0,0.0,0.07970353950026549
LUAD,17,TNF signaling pathway,22,1.0,0.0,0.06810840133620075
LUAD,17,Transcriptional misregulation in cancer,123,0.5445544554455446,0.132779016656257,0.132779016656257
LUAD,17,VEGF signaling pathway,5,1.0,0.0,0.0715893618985602
LUAD,17,Viral carcinogenesis,90,0.5643564356435643,0.11870762476490686,0.11870762476490686
LUAD,17,Wnt signaling pathway,66,0.5841584158415841,0.07062777469062897,0.07734078496293324
LUAD,17,mTOR signaling pathway,88,0.44554455445544555,0.1075702332045905,0.08337220951505653
LUAD,17,p53 signaling pathway,50,1.0,0.0,0.06267231959926559
LUAD,18,AMPK signaling pathway,74,1.0,0.0,0.08632637185702538
LUAD,18,Antigen processing and presentation,35,0.10891089108910891,0.2497513153490421,0.09063195034852824
LUAD,18,Apoptosis,97,0.6633663366336634,0.06234247959022482,0.07304162299802419
LUAD,18,Autophagy,90,1.0,0.0,0.07313366270874894
LUAD,18,B cell receptor signaling pathway,23,1.0,0.0,0.07242111446852582
LUAD,18,Base excision repair,16,1.0,0.0,0.06434809291579326
LUAD,18,Breast cancer,4,1.0,0.0,0.08520631404751425
LUAD,18,Cell adhesion molecules,94,0.12871287128712872,0.25539675566548276,0.09259739331231634
LUAD,18,Cell cycle,124,0.5148514851485149,0.2134269087163602,0.2134269087163602
LUAD,18,Cellular senescence,111,1.0,0.0,0.05079266149642128
LUAD,18,Central carbon metabolism in cancer,19,0.09900990099009901,0.21785267175369086,0.08073767483459404
LUAD,18,Chemical carcinogenesis,120,0.7029702970297029,0.0632689118116224,0.06441609097300932
LUAD,18,Chemokine signaling pathway,16,1.0,0.0,0.06694778180571577
LUAD,18,Colorectal cancer,6,1.0,0.0,0.07082713714911577
LUAD,18,Cytokine-cytokine receptor interaction,112,0.6633663366336634,0.06481534626273397,0.07286646426237323
LUAD,18,DNA replication,29,0.0891089108910891,0.25848818831381415,0.08519483784660015
LUAD,18,ECM-receptor interaction,50,0.10891089108910891,0.239028534431043,0.08398228729309881
LUAD,18,ErbB signaling pathway,11,1.0,0.0,0.08443054481699756
LUAD,18,Ferroptosis,33,1.0,0.0,0.08236047079639627
LUAD,18,Focal adhesion,25,1.0,0.0,0.07493925488490456
LUAD,18,FoxO signaling pathway,29,0.039603960396039604,0.2626128657194451,0.09260493316310989
LUAD,18,Gastric cancer,7,1.0,0.0,0.06955355615672226
LUAD,18,Glycolysis / Gluconeogenesis,30,0.039603960396039604,0.5117816497710799,0.08214083139129044
LUAD,18,HIF-1 signaling pathway,35,0.2079207920792079,0.23528592176828567,0.09332462399936062
LUAD,18,Hedgehog signaling pathway,38,1.0,0.0,0.07920877793260489
LUAD,18,Hepatocellular carcinoma,25,1.0,0.0,0.10723181678787058
LUAD,18,Hippo signaling pathway,73,0.24752475247524752,0.12753622109706672,0.07511968580439206
LUAD,18,Homologous recombination,25,0.07920792079207921,0.23385665213825285,0.08120712345948566
LUAD,18,JAK-STAT signaling pathway,91,0.2871287128712871,0.17319152043044783,0.10686017888907973
LUAD,18,MAPK signaling pathway,212,1.0,0.1963535123678748,0.1963535123678748
LUAD,18,Mismatch repair,3,1.0,0.0,0.07123591416095248
LUAD,18,Mitophagy,34,1.0,0.0,0.06658794289009903
LUAD,18,NF-kappa B signaling pathway,46,1.0,0.0,0.07261175231451482
LUAD,18,Natural killer cell mediated cytotoxicity,35,0.06930693069306931,0.26310806745517645,0.08050350476210708
LUAD,18,Necroptosis,122,0.43564356435643564,0.15021533276249957,0.11197885765734766
LUAD,18,Non-small cell lung cancer,5,1.0,0.0,0.07746983007822991
LUAD,18,Notch signaling pathway,43,1.0,0.0,0.0920006837860004
LUAD,18,Oxidative phosphorylation,105,0.2079207920792079,0.18561779287606064,0.10117624568698505
LUAD,18,PD-L1 expression and PD-1 checkpoint pathway in cancer,17,1.0,0.0,0.08353676221710143
LUAD,18,Proteoglycans in cancer,56,0.25742574257425743,0.1380528259679553,0.07871271002866481
LUAD,18,Rap1 signaling pathway,85,0.07920792079207921,0.2999633624173533,0.0873285078317255
LUAD,18,Ras signaling pathway,85,1.0,0.0,0.08208318963217376
LUAD,18,Regulation of actin cytoskeleton,63,1.0,0.0,0.0821881602161153
LUAD,18,Small cell lung cancer,23,1.0,0.0,0.06267882085086086
LUAD,18,T cell receptor signaling pathway,10,1.0,0.0,0.0754348445235857
LUAD,18,TGF-beta signaling pathway,41,1.0,0.0,0.05194293104499559
LUAD,18,TNF signaling pathway,22,0.019801980198019802,0.43357002662329186,0.061741749766826094
LUAD,18,Transcriptional misregulation in cancer,123,0.6435643564356436,0.07093778069287685,0.07093778069287685
LUAD,18,VEGF signaling pathway,5,1.0,0.0,0.08397458599086435
LUAD,18,Viral carcinogenesis,90,0.594059405940594,0.05817396366202991,0.06189332209295099
LUAD,18,Wnt signaling pathway,66,1.0,0.0,0.06666205837089734
LUAD,18,mTOR signaling pathway,88,0.09900990099009901,0.1838861350021352,0.07178713953087493
LUAD,18,p53 signaling pathway,50,1.0,0.0,0.08013646916915425
LUAD,19,AMPK signaling pathway,74,0.45544554455445546,0.1114184921811307,0.10561883719085936
LUAD,19,Antigen processing and presentation,35,0.0891089108910891,0.2391718764533721,0.07246274915737153
LUAD,19,Apoptosis,97,1.0,0.0,0.07238268495845754
LUAD,19,Autophagy,90,0.6732673267326733,0.06090880256508991,0.08167910030604156
LUAD,19,B cell receptor signaling pathway,23,1.0,0.0,0.09199166529200023
LUAD,19,Base excision repair,16,0.019801980198019802,0.4514757682944292,0.082431306478437
LUAD,19,Breast cancer,4,1.0,0.0,0.07896384086814372
LUAD,19,Cell adhesion molecules,94,0.31683168316831684,0.1273963572750819,0.07704348086968552
LUAD,19,Cell cycle,124,0.5544554455445545,0.20462065899530596,0.20462065899530596
LUAD,19,Cellular senescence,111,0.15841584158415842,0.39509830619200126,0.09290915146058862
LUAD,19,Central carbon metabolism in cancer,19,1.0,0.0,0.059528674584464925
LUAD,19,Chemical carcinogenesis,120,0.36633663366336633,0.14285347422510786,0.10074447454599958
LUAD,19,Chemokine signaling pathway,16,1.0,0.0,0.0581558627777095
LUAD,19,Colorectal cancer,6,1.0,0.0,0.09105074138005236
LUAD,19,Cytokine-cytokine receptor interaction,112,0.37623762376237624,0.12488300971646644,0.10257385135519533
LUAD,19,DNA replication,29,1.0,0.0,0.08362802056701477
LUAD,19,ECM-receptor interaction,50,0.09900990099009901,0.2503151923924568,0.06398634931946193
LUAD,19,ErbB signaling pathway,11,0.04950495049504951,0.395512890048132,0.08623698542467223
LUAD,19,Ferroptosis,33,0.0594059405940594,0.41030600013500046,0.06801888207767975
LUAD,19,Focal adhesion,25,1.0,0.0,0.0795736178187269
LUAD,19,FoxO signaling pathway,29,0.019801980198019802,0.2865199188744924,0.09046852747561532
LUAD,19,Gastric cancer,7,0.0297029702970297,0.7143346362894213,0.07355617514088916
LUAD,19,Glycolysis / Gluconeogenesis,30,1.0,0.0,0.061140332775338826
LUAD,19,HIF-1 signaling pathway,35,0.019801980198019802,0.4987723633036336,0.10345682020736108
LUAD,19,Hedgehog signaling pathway,38,1.0,0.0,0.07239497281488796
LUAD,19,Hepatocellular carcinoma,25,0.039603960396039604,0.2559189432115284,0.08269568466249728
LUAD,19,Hippo signaling pathway,73,1.0,0.0,0.06998766200878304
LUAD,19,Homologous recombination,25,1.0,0.0,0.07864825663283137
LUAD,19,JAK-STAT signaling pathway,91,0.42574257425742573,0.12220923647202706,0.09683951177207714
LUAD,19,MAPK signaling pathway,212,1.0,0.09893468101567028,0.09893468101567028
LUAD,19,Mismatch repair,3,1.0,0.0,0.07483636090629286
LUAD,19,Mitophagy,34,1.0,0.0,0.08076758400734875
LUAD,19,NF-kappa B signaling pathway,46,0.36633663366336633,0.12068851146423408,0.09135284090507995
LUAD,19,Natural killer cell mediated cytotoxicity,35,0.06930693069306931,0.4555346964675388,0.10193519329350514
LUAD,19,Necroptosis,122,0.6831683168316832,0.0706059131706106,0.0706059131706106
LUAD,19,Non-small cell lung cancer,5,1.0,0.0,0.085892494273335
LUAD,19,Notch signaling pathway,43,1.0,0.0,0.0822099975232648
LUAD,19,Oxidative phosphorylation,105,0.26732673267326734,0.18936465023677376,0.11561854981206526
LUAD,19,PD-L1 expression and PD-1 checkpoint pathway in cancer,17,1.0,0.0,0.0648219427562533
LUAD,19,Proteoglycans in cancer,56,0.1188118811881188,0.2724195786759312,0.09467807588836927
LUAD,19,Rap1 signaling pathway,85,0.06930693069306931,0.22876766196932014,0.07975275472742817
LUAD,19,Ras signaling pathway,85,0.38613861386138615,0.12081554115396755,0.09321348923978338
LUAD,19,Regulation of actin cytoskeleton,63,0.3069306930693069,0.1384518618497385,0.09577959430417354
LUAD,19,Small cell lung cancer,23,0.0594059405940594,0.2331729842338883,0.07058259727299424
LUAD,19,T cell receptor signaling pathway,10,1.0,0.0,0.07761526357509871
LUAD,19,TGF-beta signaling pathway,41,0.24752475247524752,0.12823455498653488,0.07364766400168157
LUAD,19,TNF signaling pathway,22,1.0,0.0,0.062210808184515666
LUAD,19,Transcriptional misregulation in cancer,123,0.25742574257425743,0.33813043721199487,0.11946134064107766
LUAD,19,VEGF signaling pathway,5,1.0,0.0,0.07495003969568279
LUAD,19,Viral carcinogenesis,90,0.27722772277227725,0.11616996169601189,0.06104167487940433
LUAD,19,Wnt signaling pathway,66,1.0,0.0,0.09594479952959883
LUAD,19,mTOR signaling pathway,88,0.6336633663366337,0.05880611999114612,0.06897137506395778
LUAD,19,p53 signaling pathway,50,0.33663366336633666,0.11679711287376328,0.0840386874608916
LUAD,20,AMPK signaling pathway,74,1.0,0.0,0.07423408271841787
LUAD,20,Antigen processing and presentation,35,0.0297029702970297,0.4923033911968173,0.07749610594536005
LUAD,20,Apoptosis,97,0.40594059405940597,0.117619747313545,0.09476269785579416
LUAD,20,Autophagy,90,0.6336633663366337,0.05975140590396079,0.06748536166763434
LUAD,20,B cell receptor signaling pathway,23,1.0,0.0,0.08120150072176113
LUAD,20,Base excision repair,16,0.07920792079207921,0.4251065574690109,0.09114958137679183
LUAD,20,Breast cancer,4,1.0,0.0,0.10264278231907664
LUAD,20,Cell adhesion molecules,94,0.39603960396039606,0.11661841175946336,0.09119925724081496
LUAD,20,Cell cycle,124,0.7821782178217822,0.06825005171002627,0.06825005171002627
LUAD,20,Cellular senescence,111,0.6336633663366337,0.06322349247766273,0.06322349247766273
LUAD,20,Central carbon metabolism in cancer,19,0.10891089108910891,0.2197863652750926,0.07275858875126022
LUAD,20,Chemical carcinogenesis,120,0.6138613861386139,0.07012540835704652,0.07012540835704652
LUAD,20,Chemokine signaling pathway,16,1.0,0.0,0.10247343429015593
LUAD,20,Colorectal cancer,6,1.0,0.0,0.06913736640289175
LUAD,20,Cytokine-cytokine receptor interaction,112,0.6435643564356436,0.06566461488761606,0.06566461488761606
LUAD,20,DNA replication,29,1.0,0.0,0.07482998153812256
LUAD,20,ECM-receptor interaction,50,0.26732673267326734,0.12031857962251871,0.07426409227649056
LUAD,20,ErbB signaling pathway,11,1.0,0.0,0.06799988250076942
LUAD,20,Ferroptosis,33,1.0,0.0,0.08374278856433322
LUAD,20,Focal adhesion,25,1.0,0.0,0.07242104798995919
LUAD,20,FoxO signaling pathway,29,0.07920792079207921,0.25507940368325727,0.0813468544858585
LUAD,20,Gastric cancer,7,1.0,0.0,0.07588966760708749
LUAD,20,Glycolysis / Gluconeogenesis,30,1.0,0.0,0.0625991849979074
LUAD,20,HIF-1 signaling pathway,35,1.0,0.0,0.08550770638887426
LUAD,20,Hedgehog signaling pathway,38,0.09900990099009901,0.23664160313063537,0.07605620087971596
LUAD,20,Hepatocellular carcinoma,25,0.0891089108910891,0.23936723609674107,0.09773321185996448
LUAD,20,Hippo signaling pathway,73,0.6039603960396039,0.062441096379395176,0.06684988927582194
LUAD,20,Homologous recombination,25,0.0891089108910891,0.24739347718338414,0.07988644809569373
LUAD,20,JAK-STAT signaling pathway,91,0.38613861386138615,0.11821810094992054,0.088236479448558
LUAD,20,MAPK signaling pathway,212,1.0,0.15512978678188097,0.15512978678188097
LUAD,20,Mismatch repair,3,1.0,0.0,0.07806498639470902
LUAD,20,Mitophagy,34,1.0,0.0,0.08031501735764494
LUAD,20,NF-kappa B signaling pathway,46,0.3465346534653465,0.10997566411858486,0.09197976729951095
LUAD,20,Natural killer cell mediated cytotoxicity,35,0.12871287128712872,0.25190923435026547,0.08221393516828736
LUAD,20,Necroptosis,122,1.0,0.0,0.043733012562847146
LUAD,20,Non-small cell lung cancer,5,1.0,0.0,0.08484406023774127
LUAD,20,Notch signaling pathway,43,0.06930693069306931,0.23048166276629978,0.08220233293444837
LUAD,20,Oxidative phosphorylation,105,0.1485148514851485,0.18936465023677376,0.10553689043388392
LUAD,20,PD-L1 expression and PD-1 checkpoint pathway in cancer,17,1.0,0.0,0.08247840301522627
LUAD,20,Proteoglycans in cancer,56,0.32673267326732675,0.12479079483245703,0.08274243904729561
LUAD,20,Rap1 signaling pathway,85,0.33663366336633666,0.11884468638604258,0.07563432479890271
LUAD,20,Ras signaling pathway,85,0.6039603960396039,0.05989906066044693,0.06132715310739887
LUAD,20,Regulation of actin cytoskeleton,63,0.0891089108910891,0.26164581851069296,0.08557637499909129
LUAD,20,Small cell lung cancer,23,0.07920792079207921,0.2373899936331686,0.08441535077928758
LUAD,20,T cell receptor signaling pathway,10,1.0,0.0,0.061779590755240144
LUAD,20,TGF-beta signaling pathway,41,1.0,0.0,0.07891005433853356
LUAD,20,TNF signaling pathway,22,0.0594059405940594,0.23824757031689697,0.09360868168327258
LUAD,20,Transcriptional misregulation in cancer,123,0.36633663366336633,0.22058439337557595,0.13206697035874418
LUAD,20,VEGF signaling pathway,5,1.0,0.0,0.07268150647239288
LUAD,20,Viral carcinogenesis,90,0.33663366336633666,0.12186160862613468,0.07444939326936904
LUAD,20,Wnt signaling pathway,66,0.24752475247524752,0.14202914017213478,0.07272894574764836
LUAD,20,mTOR signaling pathway,88,0.25742574257425743,0.1690146470583109,0.10023856450596161
LUAD,20,p53 signaling pathway,50,1.0,0.0,0.09122431830719158
LUAD,21,AMPK signaling pathway,74,1.0,0.0,0.07903054978795523
LUAD,21,Antigen processing and presentation,35,1.0,0.0,0.0913515172644715
LUAD,21,Apoptosis,97,0.38613861386138615,0.11711721679727748,0.07800516289986213
LUAD,21,Autophagy,90,0.15841584158415842,0.29737963512840043,0.09395121815506877
LUAD,21,B cell receptor signaling pathway,23,1.0,0.0,0.10231634443080809
LUAD,21,Base excision repair,16,0.0297029702970297,0.8820815637555823,0.07503332620317367
LUAD,21,Breast cancer,4,1.0,0.0,0.07092767583689849
LUAD,21,Cell adhesion molecules,94,0.37623762376237624,0.12032661725306418,0.097477400999619
LUAD,21,Cell cycle,124,0.5742574257425742,0.13606162704443528,0.13606162704443528
LUAD,21,Cellular senescence,111,0.1485148514851485,0.2009962084244007,0.08235028224890098
LUAD,21,Central carbon metabolism in cancer,19,1.0,0.0,0.07165943823761275
LUAD,21,Chemical carcinogenesis,120,0.7029702970297029,0.06813884103603476,0.06813884103603476
LUAD,21,Chemokine signaling pathway,16,0.04950495049504951,0.42459190043107947,0.06140162165774115
LUAD,21,Colorectal cancer,6,1.0,0.0,0.07154109780618163
LUAD,21,Cytokine-cytokine receptor interaction,112,1.0,0.0,0.07812345354764627
LUAD,21,DNA replication,29,1.0,0.0,0.07104232933634798
LUAD,21,ECM-receptor interaction,50,1.0,0.0,0.0559706144199439
LUAD,21,ErbB signaling pathway,11,1.0,0.0,0.08783893805050455
LUAD,21,Ferroptosis,33,1.0,0.0,0.06766779332498649
LUAD,21,Focal adhesion,25,0.07920792079207921,0.2499213877659931,0.08430797151194117
LUAD,21,FoxO signaling pathway,29,0.0297029702970297,0.5109403181981267,0.0931043854164672
LUAD,21,Gastric cancer,7,0.04950495049504951,0.7294812246678164,0.07458080349847729
LUAD,21,Glycolysis / Gluconeogenesis,30,0.06930693069306931,0.2531249543772571,0.07772821489798891
LUAD,21,HIF-1 signaling pathway,35,1.0,0.0,0.0968000457853268
LUAD,21,Hedgehog signaling pathway,38,0.0594059405940594,0.24092994090734096,0.0728622396721014
LUAD,21,Hepatocellular carcinoma,25,1.0,0.0,0.08106797615958329
LUAD,21,Hippo signaling pathway,73,0.5544554455445545,0.06423524376890695,0.06423524376890695
LUAD,21,Homologous recombination,25,1.0,0.0,0.07739562816213795
LUAD,21,JAK-STAT signaling pathway,91,1.0,0.0,0.07792081489537869
LUAD,21,MAPK signaling pathway,212,1.0,0.0,0.0
LUAD,21,Mismatch repair,3,1.0,0.0,0.0660066728424996
LUAD,21,Mitophagy,34,1.0,0.0,0.07709652507941873
LUAD,21,NF-kappa B signaling pathway,46,0.10891089108910891,0.2328916531163735,0.0770896350856067
LUAD,21,Natural killer cell mediated cytotoxicity,35,0.04950495049504951,0.2398866843301536,0.06503034671950844
LUAD,21,Necroptosis,122,0.297029702970297,0.19251257460600013,0.10633986156578074
LUAD,21,Non-small cell lung cancer,5,1.0,0.0,0.07239146695475096
LUAD,21,Notch signaling pathway,43,0.06930693069306931,0.23107972821519468,0.07327881042950882
LUAD,21,Oxidative phosphorylation,105,0.6336633663366337,0.06726676870606813,0.06866021684387646
LUAD,21,PD-L1 expression and PD-1 checkpoint pathway in cancer,17,1.0,0.0,0.0691219197002742
LUAD,21,Proteoglycans in cancer,56,0.09900990099009901,0.26246864174230866,0.07240875984056315
LUAD,21,Rap1 signaling pathway,85,0.5445544554455446,0.06339122257407834,0.06339122257407834
LUAD,21,Ras signaling pathway,85,1.0,0.0,0.0681619721019783
LUAD,21,Regulation of actin cytoskeleton,63,1.0,0.0,0.06466897194525376
LUAD,21,Small cell lung cancer,23,0.10891089108910891,0.23424386790692686,0.07253244296949227
LUAD,21,T cell receptor signaling pathway,10,1.0,0.0,0.08575800223950304
LUAD,21,TGF-beta signaling pathway,41,1.0,0.0,0.060026849208470553
LUAD,21,TNF signaling pathway,22,0.039603960396039604,0.22295311183085684,0.0745526333659011
LUAD,21,Transcriptional misregulation in cancer,123,1.0,0.0,0.02124095661658128
LUAD,21,VEGF signaling pathway,5,1.0,0.0,0.06738526299836456
LUAD,21,Viral carcinogenesis,90,0.6633663366336634,0.06014723819583108,0.08101192611302174
LUAD,21,Wnt signaling pathway,66,0.04950495049504951,0.27289784935163475,0.09502776428130452
LUAD,21,mTOR signaling pathway,88,0.16831683168316833,0.17666762912654374,0.07859603702680715
LUAD,21,p53 signaling pathway,50,1.0,0.0,0.07632694739947318
LUAD,22,AMPK signaling pathway,74,0.40594059405940597,0.12129325420784494,0.08941074817190044
LUAD,22,Antigen processing and presentation,35,0.2079207920792079,0.22880031202855777,0.1028122685633108
LUAD,22,Apoptosis,97,0.6633663366336634,0.061259860444769824,0.07175280513914861
LUAD,22,Autophagy,90,0.06930693069306931,0.3623711964772158,0.0748506571729025
LUAD,22,B cell receptor signaling pathway,23,1.0,0.0,0.06511319970574109
LUAD,22,Base excision repair,16,1.0,0.0,0.08087955772976985
LUAD,22,Breast cancer,4,1.0,0.0,0.09015326548512827
LUAD,22,Cell adhesion molecules,94,0.36633663366336633,0.11934420718954099,0.08763941454919344
LUAD,22,Cell cycle,124,1.0,0.0,0.0
LUAD,22,Cellular senescence,111,0.1782178217821782,0.19600373477639593,0.07850961717929253
LUAD,22,Central carbon metabolism in cancer,19,1.0,0.0,0.06369741499280249
LUAD,22,Chemical carcinogenesis,120,0.39603960396039606,0.1410267494666821,0.10677016139477702
LUAD,22,Chemokine signaling pathway,16,1.0,0.0,0.06422285436654543
LUAD,22,Colorectal cancer,6,1.0,0.0,0.0825803620503331
LUAD,22,Cytokine-cytokine receptor interaction,112,0.6831683168316832,0.0610793688669448,0.06214633050568417
LUAD,22,DNA replication,29,1.0,0.0,0.08172833713571238
LUAD,22,ECM-receptor interaction,50,0.06930693069306931,0.38076345645755094,0.07453824817293161
LUAD,22,ErbB signaling pathway,11,1.0,0.0,0.07529316447581838
LUAD,22,Ferroptosis,33,1.0,0.0,0.06794014056798722
LUAD,22,Focal adhesion,25,0.1485148514851485,0.22005406018809304,0.07447239323109896
LUAD,22,FoxO signaling pathway,29,1.0,0.0,0.06135745161372486
LUAD,22,Gastric cancer,7,1.0,0.0,0.08046814139019912
LUAD,22,Glycolysis / Gluconeogenesis,30,0.04950495049504951,0.47763372084879646,0.08621565834385772
LUAD,22,HIF-1 signaling pathway,35,0.04950495049504951,0.4814497632927274,0.07639369204720906
LUAD,22,Hedgehog signaling pathway,38,1.0,0.0,0.07083784760651907
LUAD,22,Hepatocellular carcinoma,25,1.0,0.0,0.07580795270828217
LUAD,22,Hippo signaling pathway,73,1.0,0.0,0.07907690223316113
LUAD,22,Homologous recombination,25,1.0,0.0,0.06042689913263487
LUAD,22,JAK-STAT signaling pathway,91,0.6534653465346535,0.06319764295001382,0.06646476980854132
LUAD,22,MAPK signaling pathway,212,1.0,0.03254202258542034,0.03254202258542034
LUAD,22,Mismatch repair,3,1.0,0.0,0.07069157047711797
LUAD,22,Mitophagy,34,1.0,0.0,0.0720726356244169
LUAD,22,NF-kappa B signaling pathway,46,0.039603960396039604,0.2413829221872749,0.048656825213434965
LUAD,22,Natural killer cell mediated cytotoxicity,35,0.0891089108910891,0.2534999494648326,0.09489895950601068
LUAD,22,Necroptosis,122,0.6237623762376238,0.06595296398035395,0.06595296398035395
LUAD,22,Non-small cell lung cancer,5,1.0,0.0,0.07711920939987993
LUAD,22,Notch signaling pathway,43,0.2871287128712871,0.12362693409083957,0.06629956034522916
LUAD,22,Oxidative phosphorylation,105,0.2871287128712871,0.12743800765386773,0.08206022268244674
LUAD,22,PD-L1 expression and PD-1 checkpoint pathway in cancer,17,1.0,0.0,0.061138500966916795
LUAD,22,Proteoglycans in cancer,56,1.0,0.0,0.08175379619570544
LUAD,22,Rap1 signaling pathway,85,0.0891089108910891,0.30442844245743284,0.08283221826162224
LUAD,22,Ras signaling pathway,85,0.2079207920792079,0.231513125546963,0.11148647362215858
LUAD,22,Regulation of actin cytoskeleton,63,1.0,0.0,0.08605259805743506
LUAD,22,Small cell lung cancer,23,1.0,0.0,0.08273156647828439
LUAD,22,T cell receptor signaling pathway,10,1.0,0.0,0.07472448134265186
LUAD,22,TGF-beta signaling pathway,41,1.0,0.0,0.07072621186456252
LUAD,22,TNF signaling pathway,22,0.18811881188118812,0.20754766569562752,0.09440166002525441
LUAD,22,Transcriptional misregulation in cancer,123,1.0,0.0,0.048920523034255085
LUAD,22,VEGF signaling pathway,5,1.0,0.0,0.08198710547912948
LUAD,22,Viral carcinogenesis,90,1.0,0.0,0.07483025930047807
LUAD,22,Wnt signaling pathway,66,0.3564356435643564,0.13133683138608415,0.0883571277386248
LUAD,22,mTOR signaling pathway,88,0.594059405940594,0.05763165340575771,0.05763165340575771
LUAD,22,p53 signaling pathway,50,1.0,0.0,0.08545654930211627
LUAD,23,AMPK signaling pathway,74,1.0,0.0,0.0830953606796655
LUAD,23,Antigen processing and presentation,35,0.13861386138613863,0.2497709213713943,0.09717031390860237
LUAD,23,Apoptosis,97,0.15841584158415842,0.18460907981821106,0.07526999550011454
LUAD,23,Autophagy,90,0.5643564356435643,0.061298083311923525,0.0616309308195362
LUAD,23,B cell receptor signaling pathway,23,1.0,0.0,0.06737246069401366
LUAD,23,Base excision repair,16,1.0,0.0,0.06282408742479208
LUAD,23,Breast cancer,4,1.0,0.0,0.06570056357391954
LUAD,23,Cell adhesion molecules,94,0.594059405940594,0.06093611865292346,0.06147475321145643
LUAD,23,Cell cycle,124,0.594059405940594,0.13701076295150602,0.13701076295150602
LUAD,23,Cellular senescence,111,0.27722772277227725,0.13778871088777256,0.08039699347214245
LUAD,23,Central carbon metabolism in cancer,19,0.04950495049504951,0.21274689038424335,0.08166871928434175
LUAD,23,Chemical carcinogenesis,120,0.7128712871287128,0.062446815812742765,0.0674764346798192
LUAD,23,Chemokine signaling pathway,16,1.0,0.0,0.07820403663040135
LUAD,23,Colorectal cancer,6,1.0,0.0,0.0897403334929396
LUAD,23,Cytokine-cytokine receptor interaction,112,1.0,0.0,0.058977957790734614
LUAD,23,DNA replication,29,1.0,0.0,0.07727055372909582
LUAD,23,ECM-receptor interaction,50,0.26732673267326734,0.12908139784128805,0.07866479921435834
LUAD,23,ErbB signaling pathway,11,1.0,0.0,0.07368486796410126
LUAD,23,Ferroptosis,33,0.0891089108910891,0.2548916432974202,0.08279517600574367
LUAD,23,Focal adhesion,25,1.0,0.0,0.06481187344858952
LUAD,23,FoxO signaling pathway,29,0.06930693069306931,0.25685207984982156,0.06703977721828606
LUAD,23,Gastric cancer,7,1.0,0.0,0.06976956585231991
LUAD,23,Glycolysis / Gluconeogenesis,30,1.0,0.0,0.08544883814494769
LUAD,23,HIF-1 signaling pathway,35,0.09900990099009901,0.25182210910531694,0.09535656860108771
LUAD,23,Hedgehog signaling pathway,38,0.07920792079207921,0.24090061464091775,0.07105296465466379
LUAD,23,Hepatocellular carcinoma,25,1.0,0.0,0.05613187374267808
LUAD,23,Hippo signaling pathway,73,0.12871287128712872,0.25482567799937755,0.08994926882816193
LUAD,23,Homologous recombination,25,1.0,0.0,0.07956318196970949
LUAD,23,JAK-STAT signaling pathway,91,0.37623762376237624,0.12394678085821373,0.08943531095323268
LUAD,23,MAPK signaling pathway,212,1.0,0.15985604417849367,0.15985604417849367
LUAD,23,Mismatch repair,3,1.0,0.0,0.07035476849577371
LUAD,23,Mitophagy,34,1.0,0.0,0.07766881416462348
LUAD,23,NF-kappa B signaling pathway,46,0.3069306930693069,0.120012887981994,0.07779617098234318
LUAD,23,Natural killer cell mediated cytotoxicity,35,0.0594059405940594,0.5138036996133231,0.09239657142506025
LUAD,23,Necroptosis,122,1.0,0.0,0.0719048679382747
LUAD,23,Non-small cell lung cancer,5,1.0,0.0,0.0720399903886457
LUAD,23,Notch signaling pathway,43,1.0,0.0,0.0787054300254117
LUAD,23,Oxidative phosphorylation,105,0.13861386138613863,0.31437441129853194,0.08653096475901563
LUAD,23,PD-L1 expression and PD-1 checkpoint pathway in cancer,17,1.0,0.0,0.08895532876343953
LUAD,23,Proteoglycans in cancer,56,0.19801980198019803,0.13738666241257735,0.06755506401557493
LUAD,23,Rap1 signaling pathway,85,1.0,0.0,0.07343548375324557
LUAD,23,Ras signaling pathway,85,0.1782178217821782,0.17204375984712833,0.07455654783158874
LUAD,23,Regulation of actin cytoskeleton,63,0.0594059405940594,0.28560672912715596,0.08394859438378709
LUAD,23,Small cell lung cancer,23,1.0,0.0,0.07173363529729146
LUAD,23,T cell receptor signaling pathway,10,1.0,0.0,0.07595737994635449
LUAD,23,TGF-beta signaling pathway,41,1.0,0.0,0.06883003947757116
LUAD,23,TNF signaling pathway,22,1.0,0.0,0.07417469356089076
LUAD,23,Transcriptional misregulation in cancer,123,0.504950495049505,0.1405794569832707,0.1396410618769156
LUAD,23,VEGF signaling pathway,5,1.0,0.0,0.09229418555498475
LUAD,23,Viral carcinogenesis,90,0.7425742574257426,0.05843066266907948,0.0767772671608277
LUAD,23,Wnt signaling pathway,66,0.32673267326732675,0.13824637020697086,0.07730545766596696
LUAD,23,mTOR signaling pathway,88,0.12871287128712872,0.18024925503471195,0.07234223572749246
LUAD,23,p53 signaling pathway,50,1.0,0.0,0.09178428674081102
