dataset,model,c_index,se,split
BLCA,cox_nnet,0.6067507530514048,0.021721880205306496,internal
BLCA,deepsurv,0.6093109683364492,0.03312465360431319,internal
BLCA,elastic_net,0.6081072323191268,0.0776119069664333,internal
BLCA,lasso_cox,0.6099022719565644,0.07930405299083614,internal
BLCA,path_agnn_cox,0.5610086661986271,0.050590400402956565,internal
BLCA,path_agnn_cox_noreg,0.5519454713605914,0.04859919056925099,internal
BLCA,path_agnn_cox_static,0.5284760683736207,0.04352877116545251,internal
BLCA,plain_gnn,0.5672424158051197,0.03466962401533428,internal
BLCA,ridge_cox,0.6342999617403928,0.07433978931848748,internal
BLCA,rsf,0.6113171803814447,0.06529494463151982,internal
BRCA,cox_nnet,0.7034065467564458,0.035548250218204236,internal
BRCA,deepsurv,0.6731397573263959,0.054111040436631425,internal
BRCA,elastic_net,0.628844916640352,0.04574337711880293,internal
BRCA,lasso_cox,0.6184700889012306,0.05048114796214698,internal
BRCA,path_agnn_cox,0.5785725162006818,0.04641086159016915,internal
BRCA,path_agnn_cox_noreg,0.5757165061543146,0.07313788123809552,internal
BRCA,path_agnn_cox_static,0.5600737311823942,0.07255185362466172,internal
BRCA,plain_gnn,0.6056942089864997,0.03510795743978602,internal
BRCA,ridge_cox,0.6925378440153063,0.06560905891519295,internal
BRCA,rsf,0.5946107282542851,0.09747526249953681,internal
COAD,cox_nnet,0.5606850197143123,0.09507661249729714,internal
COAD,deepsurv,0.5889733061635173,0.09002295198385984,internal
COAD,elastic_net,0.5387080855386825,0.05371406783458922,internal
COAD,lasso_cox,0.5277907516895297,0.03826627690431264,internal
COAD,path_agnn_cox,0.5992702684431215,0.11201054836844239,internal
COAD,path_agnn_cox_noreg,0.5879498441349378,0.05056657252986244,internal
COAD,path_agnn_cox_static,0.5874159551725946,0.09280908183682378,internal
COAD,plain_gnn,0.6070211468913869,0.05727057646631619,internal
COAD,ridge_cox,0.5857199581442247,0.07804627242560817,internal
COAD,rsf,0.5497816517187021,0.07854947950430709,internal
GBM,cox_nnet,0.5755819817463493,0.04450113755610278,internal
GBM,deepsurv,0.5647850717431436,0.0493945471743136,internal
GBM,elastic_net,0.5024110806066151,0.04196748004137004,internal
GBM,lasso_cox,0.5007172233218938,0.03862658447251045,internal
GBM,path_agnn_cox,0.5797382070925883,0.09257390152320435,internal
GBM,path_agnn_cox_noreg,0.5790312791535592,0.06603903906141653,internal
GBM,path_agnn_cox_static,0.5543917510756244,0.08403970114976814,internal
GBM,plain_gnn,0.5450724260630703,0.06554056564418524,internal
GBM,ridge_cox,0.5981359936993238,0.07309322623628674,internal
GBM,rsf,0.5318153564176429,0.058073635290826965,internal
HNSC,cox_nnet,0.6113835443483697,0.05940053417597849,internal
HNSC,deepsurv,0.6041592371269813,0.05712127939600169,internal
HNSC,elastic_net,0.6089250411635343,0.03298873907961573,internal
HNSC,lasso_cox,0.6013398868675017,0.034636477625997746,internal
HNSC,path_agnn_cox,0.5406025976864585,0.062035845397998154,internal
HNSC,path_agnn_cox_noreg,0.5197408215742156,0.0452534346370837,internal
HNSC,path_agnn_cox_static,0.5257682547147677,0.03921493184766623,internal
HNSC,plain_gnn,0.5242759100336583,0.05104450856700995,internal
HNSC,ridge_cox,0.6281919199142185,0.04246399628512351,internal
HNSC,rsf,0.5987530641387451,0.02697870913893191,internal
KIRC,cox_nnet,0.6945659500413539,0.0535224449045244,internal
KIRC,deepsurv,0.7208503100991346,0.059722341219465715,internal
KIRC,elastic_net,0.7108624738394415,0.035704131592748274,internal
KIRC,lasso_cox,0.7055853483374979,0.03358469839326979,internal
KIRC,path_agnn_cox,0.628519467664508,0.07222889968844629,internal
KIRC,path_agnn_cox_noreg,0.6331819725311945,0.07446861285710996,internal
KIRC,path_agnn_cox_static,0.623390396941535,0.07963528678386549,internal
KIRC,plain_gnn,0.6281755232102832,0.08656490651593889,internal
KIRC,ridge_cox,0.7084348625701691,0.04027247483708556,internal
KIRC,rsf,0.6901052155476297,0.044981354173915876,internal
LIHC,cox_nnet,0.6683805060413034,0.07896085033269079,internal
LIHC,deepsurv,0.6728575814279398,0.05221952575121575,internal
LIHC,elastic_net,0.6516715349136771,0.07068681435320948,internal
LIHC,lasso_cox,0.6437479467167159,0.06455792700319057,internal
LIHC,path_agnn_cox,0.6137862351028026,0.017614855458608608,internal
LIHC,path_agnn_cox_noreg,0.6221722844813657,0.02389450126773479,internal
LIHC,path_agnn_cox_static,0.6214088333769856,0.024550614796896835,internal
LIHC,plain_gnn,0.6269402485149609,0.02234162397121146,internal
LIHC,ridge_cox,0.6787445697366252,0.07068280913994483,internal
LIHC,rsf,0.6311494036829753,0.05500976007771602,internal
LUAD,cox_nnet,0.6371703934398343,0.0426482579638388,internal
LUAD,deepsurv,0.6220749829927793,0.06129281278640617,internal
LUAD,elastic_net,0.65172154942482,0.03449953741264502,internal
LUAD,lasso_cox,0.6509121706886012,0.033241459626686,internal
LUAD,path_agnn_cox,0.4898153313222703,0.01969540981904355,internal
LUAD,path_agnn_cox_noreg,0.5337694648319972,0.060692349817332035,internal
LUAD,path_agnn_cox_static,0.5314553290813675,0.053243712731185604,internal
LUAD,plain_gnn,0.5017507145980904,0.023786541573586093,internal
LUAD,ridge_cox,0.6297748832174699,0.06195406383866065,internal
LUAD,rsf,0.5952632498664688,0.04782200534577052,internal
LUSC,cox_nnet,0.5083629629094578,0.036919792350780155,internal
LUSC,deepsurv,0.49731957882389477,0.030133608165732684,internal
LUSC,elastic_net,0.5261314472667792,0.05216362960337879,internal
LUSC,lasso_cox,0.5273472791056919,0.052227838335525446,internal
LUSC,path_agnn_cox,0.5198022140658504,0.03976660248939075,internal
LUSC,path_agnn_cox_noreg,0.5263093973959541,0.04318450967318839,internal
LUSC,path_agnn_cox_static,0.49984967036910677,0.03824898300236146,internal
LUSC,plain_gnn,0.49862161071255384,0.0379499016625003,internal
LUSC,ridge_cox,0.5066400803010119,0.04644961957518715,internal
LUSC,rsf,0.525788950749999,0.06175876431223761,internal
OV,cox_nnet,0.5957358078972911,0.02804787963404684,internal
OV,deepsurv,0.5969388940433016,0.031662014322253344,internal
OV,elastic_net,0.5224616269965052,0.032531608645791764,internal
OV,lasso_cox,0.521622958410593,0.0331703232620463,internal
OV,path_agnn_cox,0.5378908629805569,0.04695775426005731,internal
OV,path_agnn_cox_noreg,0.5213969238222809,0.042280385007861715,internal
OV,path_agnn_cox_static,0.5550212156125143,0.03208314799591958,internal
OV,plain_gnn,0.5248727932562163,0.049350555598307234,internal
OV,ridge_cox,0.578385299300336,0.03225845982696335,internal
OV,rsf,0.5608783944561498,0.023515240797748378,internal
STAD,cox_nnet,0.5352955707347129,0.049847341014121554,internal
STAD,deepsurv,0.5403642294692176,0.048481313362062926,internal
STAD,elastic_net,0.5804859290492596,0.03679155281514214,internal
STAD,lasso_cox,0.5290407128795731,0.05193814848980387,internal
STAD,path_agnn_cox,0.5294538404747033,0.03901681171559198,internal
STAD,path_agnn_cox_noreg,0.5378040215004938,0.05132720316076036,internal
STAD,path_agnn_cox_static,0.504042293709852,0.06780708003370282,internal
STAD,plain_gnn,0.5084642880775254,0.059786514039692484,internal
STAD,ridge_cox,0.5573756021584684,0.058934246424893436,internal
STAD,rsf,0.5243448174858758,0.0561763011569584,internal
BLCA,cox_nnet,0.3760596737370356,0.20435503234967856,external
BLCA,deepsurv,0.43227687233932666,0.1133692936001414,external
BLCA,elastic_net,0.6810329999458533,0.10470810316611616,external
BLCA,lasso_cox,0.6836562833062871,0.09897261000101318,external
BLCA,path_agnn_cox,0.4485417199952831,0.06851331807432462,external
BLCA,path_agnn_cox_noreg,0.5238643396278087,0.0187477931159509,external
BLCA,path_agnn_cox_static,0.5526364698833945,0.04017657089425377,external
BLCA,plain_gnn,0.5415367032392078,0.018737823343090654,external
BLCA,ridge_cox,0.7065442324999709,0.1189324268561723,external
BLCA,rsf,0.6904085771297798,0.11778196812232072,external
BRCA,cox_nnet,0.46684051631628587,0.02483035802315759,external
BRCA,deepsurv,0.47775406065146747,0.030870372420311203,external
BRCA,elastic_net,0.626363745371922,0.028396559261762922,external
BRCA,lasso_cox,0.6223011930227483,0.02275603717249417,external
BRCA,path_agnn_cox,0.5222573480867428,0.07335724518462917,external
BRCA,path_agnn_cox_noreg,0.5221004170004547,0.07258905503860015,external
BRCA,path_agnn_cox_static,0.503577289102386,0.03446579655533964,external
BRCA,plain_gnn,0.49481535508215724,0.039678718273175186,external
BRCA,ridge_cox,0.6765279635692719,0.030209890196108542,external
BRCA,rsf,0.5783742334542662,0.0568967802191203,external
COAD,cox_nnet,0.5164593175151508,0.023218372572385997,external
COAD,deepsurv,0.5112472718248324,0.021211068936208572,external
COAD,elastic_net,0.5,0.0,external
COAD,lasso_cox,0.5,0.0,external
COAD,path_agnn_cox,0.4810038658457499,0.026092168955683313,external
COAD,path_agnn_cox_noreg,0.4739647020432565,0.039985547876082404,external
COAD,path_agnn_cox_static,0.46318598597591043,0.017417778935754115,external
COAD,plain_gnn,0.48409617717329373,0.01914624143990544,external
COAD,ridge_cox,0.5,0.0,external
COAD,rsf,0.5551744108439708,0.030577344641774157,external
GBM,cox_nnet,0.4828614303990265,0.012134939562281377,external
GBM,deepsurv,0.47215853208276576,0.01672623337304568,external
GBM,elastic_net,0.5517691872300987,0.039306084282974385,external
GBM,lasso_cox,0.5474835660233432,0.03817717009076736,external
GBM,path_agnn_cox,0.502646729744652,0.011052567223917356,external
GBM,path_agnn_cox_noreg,0.5325847273384869,0.04392485398051933,external
GBM,path_agnn_cox_static,0.4569330675116463,0.020217917121800433,external
GBM,plain_gnn,0.5092906282637657,0.009748272252497888,external
GBM,ridge_cox,0.5131985963693,0.029145856553110198,external
GBM,rsf,0.4911840928945739,0.06459288463157421,external
HNSC,cox_nnet,0.49274482568923855,0.059697057772851024,external
HNSC,deepsurv,0.47992790540448094,0.036895822903604214,external
HNSC,elastic_net,0.5633106256466462,0.03689351573162698,external
HNSC,lasso_cox,0.5572297206979097,0.026042712264179674,external
HNSC,path_agnn_cox,0.47319724041437283,0.01963624146577709,external
HNSC,path_agnn_cox_noreg,0.47185035661371166,0.017731460127941422,external
HNSC,path_agnn_cox_static,0.46739414998440504,0.038579090923316295,external
HNSC,plain_gnn,0.5127042823467003,0.047142320971099175,external
HNSC,ridge_cox,0.6172366743933848,0.059909168744959496,external
HNSC,rsf,0.5657728723779358,0.04317497750214006,external
KIRC,cox_nnet,0.4310344827586206,,external
KIRC,deepsurv,0.4547413793103448,,external
KIRC,elastic_net,0.3383620689655172,,external
KIRC,lasso_cox,0.3663793103448275,,external
KIRC,path_agnn_cox,0.480603448275862,,external
KIRC,path_agnn_cox_noreg,0.5387931034482759,,external
KIRC,path_agnn_cox_static,0.5732758620689655,,external
KIRC,plain_gnn,0.5883620689655172,,external
KIRC,ridge_cox,0.3081896551724138,,external
KIRC,rsf,0.2672413793103448,,external
LIHC,cox_nnet,0.5580124222758132,0.02773438026490104,external
LIHC,deepsurv,0.5257377963624038,0.030857151487056447,external
LIHC,elastic_net,0.6380911048457479,0.000881944160576956,external
LIHC,lasso_cox,0.6343193123930032,0.0017827928463034547,external
LIHC,path_agnn_cox,0.5083093850851126,0.1301134382905027,external
LIHC,path_agnn_cox_noreg,0.5180083123304704,0.08536418435183687,external
LIHC,path_agnn_cox_static,0.5321378920647695,0.008857731279589286,external
LIHC,plain_gnn,0.504665037188888,0.07087979351482288,external
LIHC,ridge_cox,0.6345091764612056,0.0073522582047588995,external
LIHC,rsf,0.5885850686184149,0.014446421578874847,external
LUAD,cox_nnet,0.5830596281253473,0.09143516783366731,external
LUAD,deepsurv,0.5777401397456816,0.044253720526485164,external
LUAD,elastic_net,0.6072728928618065,0.04018678020046822,external
LUAD,lasso_cox,0.6027389467410135,0.03489558778200626,external
LUAD,path_agnn_cox,0.6154803465734469,0.12582811837439375,external
LUAD,path_agnn_cox_noreg,0.42690568789962025,0.1247096547850533,external
LUAD,path_agnn_cox_static,0.4036755516972525,0.1410892136560317,external
LUAD,plain_gnn,0.40817291444694814,0.14505181132270709,external
LUAD,ridge_cox,0.6106105198226657,0.04339819524172033,external
LUAD,rsf,0.6214007844848101,0.032531977522459656,external
LUSC,cox_nnet,0.4884320540990972,0.013370754748155881,external
LUSC,deepsurv,0.5395585815348307,0.04886953419802931,external
LUSC,elastic_net,0.5119811342408523,0.040049274437616356,external
LUSC,lasso_cox,0.510729540583338,0.03893356569563339,external
LUSC,path_agnn_cox,0.5295471788583652,0.025101065503489655,external
LUSC,path_agnn_cox_noreg,0.5177904857623288,0.03556878468089814,external
LUSC,path_agnn_cox_static,0.5098764050314907,0.014580763427136937,external
LUSC,plain_gnn,0.5123885274242528,0.004638256334836042,external
LUSC,ridge_cox,0.5103113241548337,0.014377941971086817,external
LUSC,rsf,0.500171726293517,0.02384400222286328,external
OV,cox_nnet,0.5262503704791343,0.03759790374637654,external
OV,deepsurv,0.5277797537745363,0.03731466255191383,external
OV,elastic_net,0.528525875293131,0.05132556274345604,external
OV,lasso_cox,0.5502057552780947,0.023799782484955352,external
OV,path_agnn_cox,0.5150478719330176,0.036099896754206204,external
OV,path_agnn_cox_noreg,0.5086044275601677,0.03376822184093271,external
OV,path_agnn_cox_static,0.5114189127713846,0.019150289428487597,external
OV,plain_gnn,0.514923974533238,0.018866147218799274,external
OV,ridge_cox,0.6294487118671598,0.015622103366417374,external
OV,rsf,0.5572602674955088,0.032613614439312016,external
STAD,cox_nnet,0.5250427570556935,0.0032781045117373816,external
STAD,deepsurv,0.5064762965321722,0.03400509951041871,external
STAD,elastic_net,0.5333178345565222,0.00037579791244994246,external
STAD,lasso_cox,0.535176653030274,0.005745198633942144,external
STAD,path_agnn_cox,0.5124323616435167,0.0491894279471387,external
STAD,path_agnn_cox_noreg,0.48226863002202114,0.01627552367024008,external
STAD,path_agnn_cox_static,0.5114319443818145,0.006668344506819808,external
STAD,plain_gnn,0.5194888483962832,0.0018585790710031094,external
STAD,ridge_cox,0.5739567176556825,0.0028304093780374415,external
STAD,rsf,0.5692493542536419,0.01635487731186475,external
